,0,1,2,3,4,5,6,7,8,9,10,11,12,13,14,15,16,17,18,19,20,21,22,23,24,25,26,27,28
word,i'd,gladly,trade,the,#mtx,headache,for,#humira,but,after,5,months,i,still,don't,have,the,prescription.,i,function,through,vitamins,&,motrin,,,,,
pos,L,R,V,D,^,N,P,^,&,P,$,N,O,R,V,V,D,N,O,V,P,N,&,N,,,,,
true,O,O,O,O,B-ADR,I-ADR,O,O,O,O,O,O,O,O,O,O,O,O,O,O,O,O,O,O,,,,,
pred,O,O,O,O,B-ADR,I-ADR,O,O,O,O,O,O,O,O,O,O,O,O,O,O,O,O,O,O,,,,,
skip, , , , , , , , , , , , , , , , , , , , , , , , ,,,,,
word,i'm,not,sure,if,seroquel,is,helping,us,or,making,things,even,worse..,anyone,else,knows,if,it,can,make,dissociation,worse?,,,,,,,
pos,L,R,A,P,^,V,V,O,&,V,N,R,A,N,R,V,P,O,V,V,N,A,,,,,,,
true,O,O,O,O,O,O,O,O,O,O,O,O,O,O,O,O,O,O,O,O,B-ADR,O,,,,,,,
pred,O,O,O,O,O,O,O,O,O,B-ADR,O,O,O,O,O,O,O,O,O,O,O,B-ADR,,,,,,,
skip, , , , , , , , , , , , , , , , , , , , , , ,,,,,,,
word,@url,mri,showed,lesions,in,my,noggin,:s,got,to,have,eeg,to,see,if,its,ms,or,humira,doing,it.so,more,tests,n,messing,about,lolxx,,
pos,@,N,V,N,P,D,N,E,V,P,V,N,P,V,P,L,^,&,^,V,U,A,N,&,V,P,!,,
true,O,O,O,O,O,O,O,O,O,O,O,O,O,O,O,O,B-ADR,O,O,O,O,O,O,O,O,O,O,,
pred,O,O,O,O,O,O,O,O,O,O,O,O,O,O,O,O,B-ADR,O,O,O,O,O,O,O,O,O,O,,
skip, , , , , , , , , , , , , , , , , , , , , , , , , , , ,,
word,g-d,it,feels,good,being,out,of,the,hospital!!,blood,clot,in,leg,that,landed,in,my,lung.,xarelto,4,/,30,days.,,,,,,
pos,^,O,V,A,V,P,P,D,N,N,N,P,N,P,V,P,D,N,N,$,",",$,N,,,,,,
true,O,O,O,O,O,O,O,O,O,B-ADR,I-ADR,O,O,O,O,O,O,O,O,O,O,O,O,,,,,,
pred,O,O,O,O,O,O,O,O,O,I-ADR,O,O,B-ADR,O,O,O,O,O,O,O,O,O,O,,,,,,
skip, , , , , , , , , , , , , , , , , , , , , , , ,,,,,,
word,@url,anxiety,has,been,so,high.,but,"yeah,",if,your,dosage,is,high,its,hard,to,come,off.,i,had,to,detox,from,pristiq,(its,cousin,drug),,
pos,@,N,V,V,R,A,&,!,P,D,N,V,A,L,A,P,V,T,O,V,P,V,P,^,L,N,N,,
true,O,B-ADR,O,O,O,O,O,O,O,O,O,O,O,O,O,O,O,O,O,O,O,B-ADR,O,O,O,O,O,,
pred,O,B-ADR,O,O,O,B-ADR,O,O,O,O,O,O,O,O,O,O,O,O,O,O,O,O,O,O,O,O,O,,
skip, , , , , , , , , , , , , , , , , , , , , , , , , , , ,,
word,i,think,i,should,take,a,tablet,of,gnc,burn,60,and,go,off,for,my,late,night,jogging.,chronic,fatigue,sydrome,sucks.,fluoxetine,didn't,help.,,,
pos,O,V,O,V,V,D,N,P,^,V,$,&,V,R,P,D,A,N,N,N,N,N,V,^,V,V,,,
true,O,O,O,O,O,O,O,O,O,O,O,O,O,O,O,O,O,O,O,B-ADR,I-ADR,I-ADR,O,O,O,O,,,
pred,O,O,O,O,O,O,O,O,O,O,O,O,O,O,O,O,O,O,O,B-ADR,I-ADR,I-ADR,O,O,O,O,,,
skip, , , , , , , , , , , , , , , , , , , , , , , , , , ,,,
word,saying,goodbye,to,smoking,involves,more,than,physical,recovery,from,nicotine,addiction,#worldnotobaccoday,(1),,,,,,,,,,,,,,,
pos,V,!,P,V,V,A,P,A,N,P,^,N,#,$,,,,,,,,,,,,,,,
true,O,O,O,O,O,O,O,O,O,O,O,B-ADR,O,O,,,,,,,,,,,,,,,
pred,B-ADR,O,O,O,O,O,O,O,O,O,O,B-ADR,I-ADR,O,,,,,,,,,,,,,,,
skip, , , , , , , , , , , , , , ,,,,,,,,,,,,,,,
word,brisdelle,dangerous.,paxil,is,supposed,to,treat,depression,and,suicidal,thoughts.,i,took,paxil,and,got,depressed.,went,off,&,ok,in,2,wk.,,,,,
pos,R,A,^,V,A,P,V,N,&,A,N,O,V,^,&,V,A,V,T,&,V,P,$,N,,,,,
true,O,O,O,O,O,O,O,B-ADR,O,O,O,O,O,O,O,O,B-ADR,O,O,O,O,O,O,O,,,,,
pred,O,O,O,O,O,O,O,B-ADR,O,B-ADR,O,O,O,O,O,O,B-ADR,O,O,O,O,O,O,O,,,,,
skip, , , , , , , , , , , , , , , , , , , , , , , , ,,,,,
word,@url,can,reducing,fluoxetine,zap,me,of,all,energy?i've,reduced,from,a,high,"dose,",now,on,standard,does,&,not,feeling,good,at,all.,,,,,
pos,@,V,V,N,V,O,P,D,N,V,P,D,A,N,R,P,N,V,&,R,V,A,P,N,,,,,
true,O,O,O,O,B-ADR,I-ADR,I-ADR,I-ADR,I-ADR,O,O,O,O,O,O,O,O,O,O,B-ADR,I-ADR,I-ADR,O,O,,,,,
pred,O,O,O,O,O,O,O,O,O,O,O,O,O,O,O,O,O,O,O,O,O,O,O,O,,,,,
skip, , , , , , , , , , , , , , , , , , , , , , , , ,,,,,
word,@url,thanks,:),i,so,wanted,venlafaxine,to,work,cos,at,least,it,didnæt,increase,my,appetite,like,citalopram,did.,,,,,,,,,
pos,@,N,E,O,R,V,V,P,V,P,P,A,O,V,V,D,N,P,^,V,,,,,,,,,
true,O,O,O,O,O,O,O,O,O,O,O,O,O,O,B-ADR,I-ADR,I-ADR,O,B-ADR,O,,,,,,,,,
pred,O,O,O,O,O,O,O,O,O,O,O,O,O,O,B-ADR,I-ADR,I-ADR,O,B-ADR,O,,,,,,,,,
skip, , , , , , , , , , , , , , , , , , , , ,,,,,,,,,
word,paxil,made,me,suicidally,depressed,to,the,point,where,a,voice,screamed,inside,my,brain,about,my,own,worthlessness,,,,,,,,,,
pos,^,V,O,R,A,P,D,N,R,D,N,V,P,D,N,P,D,A,N,,,,,,,,,,
true,O,O,O,O,O,O,O,O,O,O,B-ADR,O,O,O,O,O,O,O,B-ADR,,,,,,,,,,
pred,O,O,O,O,B-ADR,O,O,O,O,O,O,O,B-ADR,O,I-ADR,O,O,O,O,,,,,,,,,,
skip, , , , , , , , , , , , , , , , , , , ,,,,,,,,,,
word,if,your,doctor,prescribes,you,seroquel,off,"label,",they,just,want,you,to,stfu.,i'm,a,mute.,,,,,,,,,,,,
pos,P,D,N,V,O,V,T,N,O,R,V,O,P,V,L,D,N,,,,,,,,,,,,
true,O,O,O,O,O,O,O,O,O,O,O,O,O,O,O,O,B-ADR,,,,,,,,,,,,
pred,O,O,O,O,O,O,O,O,O,O,O,O,O,O,O,O,O,,,,,,,,,,,,
skip, , , , , , , , , , , , , , , , , ,,,,,,,,,,,,
word,i,better,go,to,bed..,effexor,withdrawal,makes,me,feel,kinda,terrible,ugh.,,,,,,,,,,,,,,,,
pos,O,R,V,P,N,G,N,V,O,V,R,A,!,,,,,,,,,,,,,,,,
true,O,O,O,O,O,O,B-ADR,O,O,B-ADR,I-ADR,I-ADR,O,,,,,,,,,,,,,,,,
pred,O,O,O,O,O,O,B-ADR,O,O,O,O,O,O,,,,,,,,,,,,,,,,
skip, , , , , , , , , , , , , ,,,,,,,,,,,,,,,,
word,have,been,in,a,lot,of,pain,all,day,though,and,i,feel,and,look,like,a,zombie.,seroquel,is,quite,an,annoying,"medication,",ugh.,-.-,,,
pos,V,V,P,D,N,P,N,D,N,P,&,O,V,&,V,P,D,N,N,V,R,D,A,N,!,E,,,
true,O,O,O,O,O,O,B-ADR,O,O,O,O,O,O,O,O,O,O,B-ADR,O,O,O,O,O,O,O,O,,,
pred,O,O,O,O,O,O,O,O,O,O,O,O,O,O,O,O,O,B-ADR,O,O,O,O,O,O,O,O,,,
skip, , , , , , , , , , , , , , , , , , , , , , , , , , ,,,
word,drove,to,hospital,for,#tysabri,in,blue.,left,early,(london,"traffic),",only,took,20,mins!,blue,badge,space,next,to,entrance.,#winning,#fuckms,,,,,,
pos,V,P,N,P,^,P,A,A,A,^,N,R,V,$,N,A,N,N,P,P,N,V,#,,,,,,
true,O,O,O,O,O,O,O,O,O,O,O,O,O,O,O,O,O,O,O,O,O,O,B-ADR,,,,,,
pred,O,O,O,O,O,O,O,O,O,O,O,O,O,O,O,O,O,O,O,O,O,O,B-ADR,,,,,,
skip, , , , , , , , , , , , , , , , , , , , , , , ,,,,,,
word,i,guess,this,is,what,i,get,for,doubling,my,vyvanse,#nosleep,,,,,,,,,,,,,,,,,
pos,O,V,O,V,O,O,V,P,V,D,N,#,,,,,,,,,,,,,,,,,
true,O,O,O,O,O,O,O,O,O,O,O,B-ADR,,,,,,,,,,,,,,,,,
pred,O,O,O,O,O,O,O,O,B-ADR,O,O,B-ADR,,,,,,,,,,,,,,,,,
skip, , , , , , , , , , , , ,,,,,,,,,,,,,,,,,
word,rt,@url:,@url,i,think,some,people,will,try,anything,sometimes!,i,have,with,my,severe,psoriasis!finally,awaiting,humira,inà,,,,,,,,,
pos,~,G,@,O,V,D,N,V,V,N,R,O,V,P,D,A,N,V,^,G,,,,,,,,,
true,O,O,O,O,O,O,O,O,O,O,O,O,O,O,O,O,B-ADR,O,O,O,,,,,,,,,
pred,O,O,O,O,O,O,O,O,O,O,O,O,O,O,O,O,B-ADR,O,O,O,,,,,,,,,
skip, , , , , , , , , , , , , , , , , , , , ,,,,,,,,,
word,popped,a,zinc,"lozenge,",i'm,sweatin,,,,,,,,,,,,,,,,,,,,,,,
pos,V,D,N,N,L,V,,,,,,,,,,,,,,,,,,,,,,,
true,O,O,O,O,O,B-ADR,,,,,,,,,,,,,,,,,,,,,,,
pred,O,O,O,O,O,B-ADR,,,,,,,,,,,,,,,,,,,,,,,
skip, , , , , , ,,,,,,,,,,,,,,,,,,,,,,,
word,cymbalta,is,"legal,",an,antidepressant.....side,effects:,"nausea,",dry,"mouth,","constipation,","diarrhea,","fatigue,",&,thoughts,of,suicide,,,,,,,,,,,,,
pos,^,V,A,D,N,N,N,A,N,N,N,N,&,N,P,N,,,,,,,,,,,,,
true,O,O,O,O,B-ADR,O,O,O,O,B-ADR,O,O,O,O,O,O,,,,,,,,,,,,,
pred,O,O,O,O,O,O,O,B-ADR,I-ADR,O,O,O,O,B-ADR,O,O,,,,,,,,,,,,,
skip, , , , , , , , , , , , , , , , ,,,,,,,,,,,,,
word,geez,this,vyvanse,makes,me,talk,a,mile,a,minute,haha,,,,,,,,,,,,,,,,,,
pos,!,O,N,V,O,V,D,N,D,N,!,,,,,,,,,,,,,,,,,,
true,O,O,O,O,O,B-ADR,I-ADR,I-ADR,I-ADR,I-ADR,O,,,,,,,,,,,,,,,,,,
pred,O,O,O,O,O,O,O,B-ADR,O,O,O,,,,,,,,,,,,,,,,,,
skip, , , , , , , , , , , ,,,,,,,,,,,,,,,,,,
word,allergic,reaction,to,#lamotrigine.,feel,free,to,share,&,distribute.,kill,#bigpharma,before,it,kills,us.,http://t.co/kbj5fvqpff,,,,,,,,,,,,
pos,A,N,P,V,V,A,P,V,&,V,V,#,P,O,V,O,U,,,,,,,,,,,,
true,B-ADR,I-ADR,O,O,O,O,O,O,O,O,O,O,O,O,O,O,O,,,,,,,,,,,,
pred,B-ADR,I-ADR,O,O,O,O,O,O,O,O,O,O,O,O,O,O,O,,,,,,,,,,,,
skip, , , , , , , , , , , , , , , , , ,,,,,,,,,,,,
word,rt,@url:,@url,hungover,shakes,vyvanse,shakes,coffee,=,recipe,for,success,,,,,,,,,,,,,,,,,
pos,~,N,@,A,V,R,V,N,",",N,P,N,,,,,,,,,,,,,,,,,
true,O,O,O,O,B-ADR,O,O,O,O,O,O,O,,,,,,,,,,,,,,,,,
pred,O,O,O,O,B-ADR,O,O,O,O,O,O,O,,,,,,,,,,,,,,,,,
skip, , , , , , , , , , , , ,,,,,,,,,,,,,,,,,
word,"cymbalta,",you're,driving,me,insane.,,,,,,,,,,,,,,,,,,,,,,,,
pos,N,L,V,O,A,,,,,,,,,,,,,,,,,,,,,,,,
true,O,O,B-ADR,I-ADR,I-ADR,,,,,,,,,,,,,,,,,,,,,,,,
pred,O,O,B-ADR,O,B-ADR,,,,,,,,,,,,,,,,,,,,,,,,
skip, , , , , ,,,,,,,,,,,,,,,,,,,,,,,,
word,hey,not,sleeping.,#hotflashes,#menopause,#effexor,,,,,,,,,,,,,,,,,,,,,,,
pos,!,R,V,#,#,#,,,,,,,,,,,,,,,,,,,,,,,
true,O,B-ADR,I-ADR,I-ADR,O,O,,,,,,,,,,,,,,,,,,,,,,,
pred,O,B-ADR,I-ADR,I-ADR,O,O,,,,,,,,,,,,,,,,,,,,,,,
skip, , , , , , ,,,,,,,,,,,,,,,,,,,,,,,
word,@url,@url,"yep,",this,one,is,my,top,tip,for,all,sore,throats,too.,works,by,relaxing,the,muscles.,combine,with,a,numbing,lozenge,xx,,,,
pos,@,@,!,D,$,V,D,A,N,P,D,A,N,R,V,P,V,D,N,V,P,D,A,N,E,,,,
true,O,O,O,O,O,O,O,O,O,O,O,B-ADR,I-ADR,O,O,O,O,O,O,O,O,O,O,O,O,,,,
pred,O,O,O,O,O,O,O,O,O,O,O,B-ADR,I-ADR,O,O,O,O,O,O,O,O,O,O,O,O,,,,
skip, , , , , , , , , , , , , , , , , , , , , , , , , ,,,,
word,celebrating,nearly,one,year,on,quetiapine,with,some,delicious,quetiapine.,mmm.,quick,release,for,instant,no-madness.,,,,,,,,,,,,,
pos,V,R,$,N,P,^,P,D,A,N,!,A,N,P,A,!,,,,,,,,,,,,,
true,O,O,O,O,O,O,O,O,O,O,O,O,O,O,O,B-ADR,,,,,,,,,,,,,
pred,O,O,O,O,O,O,O,O,O,O,O,O,O,O,O,B-ADR,,,,,,,,,,,,,
skip, , , , , , , , , , , , , , , , ,,,,,,,,,,,,,
word,but,i,don't,want,to,take,an,ambien,or,trazodone,or,anything,because,i,dint,wanna,restart,my,dependence,upon,them,,,,,,,,
pos,&,O,V,V,P,V,D,N,&,N,&,N,P,O,V,V,V,D,N,P,O,,,,,,,,
true,O,O,O,O,O,O,O,O,O,O,O,O,O,O,O,O,O,O,B-ADR,O,O,,,,,,,,
pred,O,O,O,O,O,O,O,O,O,O,O,O,O,O,O,O,B-ADR,O,I-ADR,O,O,,,,,,,,
skip, , , , , , , , , , , , , , , , , , , , , ,,,,,,,,
word,i,love,this,effexor!,majorly,kills,my,libido.,,,,,,,,,,,,,,,,,,,,,
pos,O,V,O,G,R,V,D,N,,,,,,,,,,,,,,,,,,,,,
true,O,O,O,O,O,B-ADR,I-ADR,I-ADR,,,,,,,,,,,,,,,,,,,,,
pred,O,O,O,O,O,O,O,B-ADR,,,,,,,,,,,,,,,,,,,,,
skip, , , , , , , , ,,,,,,,,,,,,,,,,,,,,,
word,@url,@url,i'm,taking,700mg,pregablin,and,60,mg,duloxetine,hence,why,i'm,totally,mashed,,,,,,,,,,,,,,
pos,@,@,L,V,N,N,&,$,N,N,R,R,L,R,A,,,,,,,,,,,,,,
true,O,O,O,O,O,O,O,O,O,O,O,O,O,O,B-ADR,,,,,,,,,,,,,,
pred,O,O,O,O,O,O,O,O,O,O,O,O,O,O,O,,,,,,,,,,,,,,
skip, , , , , , , , , , , , , , , ,,,,,,,,,,,,,,
word,@url,thank,you!,it,didn't,even,fucking,work.,i,went,back,to,ziprasidone,but,now,will,never,have,another,orgasm,in,my,life.,,,,,,
pos,@,V,O,O,V,R,A,N,O,V,R,P,V,&,R,V,R,V,D,N,P,D,N,,,,,,
true,O,O,O,O,O,O,O,O,O,O,O,O,O,O,O,O,B-ADR,I-ADR,I-ADR,I-ADR,O,O,O,,,,,,
pred,O,O,O,O,O,O,O,O,O,O,O,O,O,O,O,O,O,O,O,B-ADR,O,O,O,,,,,,
skip, , , , , , , , , , , , , , , , , , , , , , , ,,,,,,
word,bought,ourselves,an,electronic,cigarette,for,fun,and,now,i,think,we're,addicted,to,nicotine,???,,,,,,,,,,,,,
pos,V,O,D,A,N,P,A,&,R,O,V,L,A,P,N,",",,,,,,,,,,,,,
true,O,O,O,O,O,O,O,O,O,O,O,O,B-ADR,O,O,O,,,,,,,,,,,,,
pred,O,O,O,O,O,O,O,O,O,O,O,B-ADR,B-ADR,O,O,O,,,,,,,,,,,,,
skip, , , , , , , , , , , , , , , , ,,,,,,,,,,,,,
word,me:,why,have,i,been,"sectioned,",what,psychotic,symptoms,do,i,have?,psychiatrist:,dancing.,i,am,now,addicted,to,the,antipsychotic,olanzapine,,,,,,,
pos,O,R,V,O,V,V,O,A,N,V,O,V,N,V,O,V,R,V,P,D,N,N,,,,,,,
true,O,O,O,O,O,O,O,B-ADR,O,O,O,O,O,O,O,O,O,B-ADR,O,O,O,O,,,,,,,
pred,O,O,O,O,O,B-ADR,O,O,O,O,O,O,O,O,O,O,O,B-ADR,I-ADR,O,B-ADR,I-ADR,,,,,,,
skip, , , , , , , , , , , , , , , , , , , , , , ,,,,,,,
word,rt,@url:,personal,frustration,med's,that,work,(humira),then,wear-off,even,when,taking,mtx,for,anti-bodies.,#rheum,,,,,,,,,,,,
pos,~,N,A,N,N,P,N,N,R,V,R,R,V,^,P,N,#,,,,,,,,,,,,
true,O,O,O,O,O,O,O,O,O,B-ADR,O,O,O,O,O,O,B-ADR,,,,,,,,,,,,
pred,O,O,O,O,O,O,O,O,O,O,O,O,O,O,O,O,B-ADR,,,,,,,,,,,,
skip, , , , , , , , , , , , , , , , , ,,,,,,,,,,,,
word,i've,been,on,paxil,for,10,years,for,depression/anxiety,and,at,first,it,used,to,help,but,i,guess,i've,built,up,tolerance,and,i,come,too,fast.,
pos,L,V,P,^,P,$,N,P,N,&,P,A,O,V,P,V,&,O,V,L,V,T,N,&,O,V,R,A,
true,O,O,O,O,O,O,O,O,B-ADR,O,O,O,O,O,O,O,O,O,O,O,O,O,O,O,O,O,O,O,
pred,O,O,O,O,O,O,O,O,O,O,O,O,O,O,O,O,O,O,O,O,O,B-ADR,I-ADR,O,O,O,O,O,
skip, , , , , , , , , , , , , , , , , , , , , , , , , , , , ,
word,they,put,me,on,cymbalta,for,my,joint,pain,with,hashis.,now,the,pain,is,better,but,depression,is,worse.,*sigh*,,,,,,,,
pos,O,V,O,P,^,P,D,N,N,P,^,R,D,N,V,A,&,N,V,A,N,,,,,,,,
true,O,O,O,O,O,O,O,B-ADR,I-ADR,O,O,O,O,O,O,O,O,B-ADR,O,O,O,,,,,,,,
pred,O,O,O,O,O,O,O,B-ADR,I-ADR,O,O,O,O,B-ADR,O,O,O,B-ADR,O,O,O,,,,,,,,
skip, , , , , , , , , , , , , , , , , , , , , ,,,,,,,,
word,@url,@url,sorry,for,jumping,in.,trying,to,get,up,for,work,after,night,seroquel,is,a,nightmare!,,,,,,,,,,,
pos,@,@,A,P,V,P,V,P,V,T,P,N,P,N,^,V,D,N,,,,,,,,,,,
true,O,O,O,O,O,O,B-ADR,I-ADR,I-ADR,I-ADR,O,O,O,O,O,O,O,O,,,,,,,,,,,
pred,O,O,O,O,O,O,O,O,O,B-ADR,O,O,O,O,O,O,O,O,,,,,,,,,,,
skip, , , , , , , , , , , , , , , , , , ,,,,,,,,,,,
word,@url,when,i,forgot,seroquel,made,me,feel,fucking,ill,as,fuck!,,,,,,,,,,,,,,,,,
pos,@,R,O,V,^,V,O,V,R,L,P,N,,,,,,,,,,,,,,,,,
true,O,O,O,O,O,O,O,O,O,B-ADR,O,O,,,,,,,,,,,,,,,,,
pred,O,O,O,O,O,O,O,O,O,B-ADR,I-ADR,I-ADR,,,,,,,,,,,,,,,,,
skip, , , , , , , , , , , , ,,,,,,,,,,,,,,,,,
word,@url,i'm,certainly,weird,but,it's,quetiapine,instead,of,"crack,",i,can't,get,that,on,prescription.,,,,,,,,,,,,,
pos,@,L,R,A,&,L,A,R,P,N,O,V,V,O,P,N,,,,,,,,,,,,,
true,O,O,O,B-ADR,O,O,O,O,O,O,O,O,O,O,O,O,,,,,,,,,,,,,
pred,O,O,O,O,O,O,O,O,O,O,O,O,O,O,O,O,,,,,,,,,,,,,
skip, , , , , , , , , , , , , , , , ,,,,,,,,,,,,,
word,oh,hello,seroquel,old,friend,i,mi*passes,out,on,bed*,,,,,,,,,,,,,,,,,,,
pos,!,!,^,A,N,O,V,T,P,N,,,,,,,,,,,,,,,,,,,
true,O,O,O,O,O,O,B-ADR,I-ADR,O,O,,,,,,,,,,,,,,,,,,,
pred,O,O,O,O,O,O,B-ADR,I-ADR,O,O,,,,,,,,,,,,,,,,,,,
skip, , , , , , , , , , ,,,,,,,,,,,,,,,,,,,
word,fuck,seroquel.,i,need,to,be,awake,,,,,,,,,,,,,,,,,,,,,,
pos,V,^,O,V,P,V,A,,,,,,,,,,,,,,,,,,,,,,
true,O,O,O,B-ADR,I-ADR,I-ADR,I-ADR,,,,,,,,,,,,,,,,,,,,,,
pred,O,O,O,O,O,O,I-ADR,,,,,,,,,,,,,,,,,,,,,,
skip, , , , , , , ,,,,,,,,,,,,,,,,,,,,,,
word,a,comprehensive,and,accurate,list,of,trazodone,side,effects,http://dld.bz/ww2q,depression,#antidepressant,ocd,insomnia,,,,,,,,,,,,,,,
pos,D,A,&,A,N,P,^,N,N,U,N,N,A,N,,,,,,,,,,,,,,,
true,O,O,O,O,O,O,O,O,O,O,B-ADR,I-ADR,O,O,,,,,,,,,,,,,,,
pred,O,O,O,O,O,O,O,O,O,O,B-ADR,O,B-ADR,I-ADR,,,,,,,,,,,,,,,
skip, , , , , , , , , , , , , , ,,,,,,,,,,,,,,,
word,effexor,side,effects;,"headaches,",no,appetite.,,,,,,,,,,,,,,,,,,,,,,,
pos,G,N,N,N,D,N,,,,,,,,,,,,,,,,,,,,,,,
true,O,O,O,B-ADR,I-ADR,I-ADR,,,,,,,,,,,,,,,,,,,,,,,
pred,O,O,O,B-ADR,I-ADR,I-ADR,,,,,,,,,,,,,,,,,,,,,,,
skip, , , , , , ,,,,,,,,,,,,,,,,,,,,,,,
word,"ah,",the,sunday,night,sleep...my,worst,enemy.,do,work,trazodone,#zzzzzzz,,,,,,,,,,,,,,,,,,
pos,!,D,^,N,V,A,N,V,N,N,#,,,,,,,,,,,,,,,,,,
true,O,O,O,O,B-ADR,O,O,O,O,O,O,,,,,,,,,,,,,,,,,,
pred,O,O,O,O,B-ADR,O,O,O,O,O,O,,,,,,,,,,,,,,,,,,
skip, , , , , , , , , , , ,,,,,,,,,,,,,,,,,,
word,i,wonder,if,olanzapine,causes,restless,legs,&lt;_&lt;,,,,,,,,,,,,,,,,,,,,,
pos,O,V,P,^,V,A,N,G,,,,,,,,,,,,,,,,,,,,,
true,O,O,O,O,O,B-ADR,I-ADR,O,,,,,,,,,,,,,,,,,,,,,
pred,O,O,O,O,O,B-ADR,I-ADR,I-ADR,,,,,,,,,,,,,,,,,,,,,
skip, , , , , , , , ,,,,,,,,,,,,,,,,,,,,,
word,i,low,carb,but,have,just,eaten,my,body,weight,in,freakin,carbs!,i,only,hope,the,carb,cravings,are,because,iæm,coming,off,the,#venlafaxine,,,
pos,O,A,N,&,V,R,V,D,N,N,P,A,N,O,R,V,D,N,N,V,P,^,V,T,D,^,,,
true,O,O,O,O,O,O,O,O,O,O,O,O,O,O,O,O,O,B-ADR,I-ADR,O,O,O,O,O,O,O,,,
pred,O,O,B-ADR,O,O,O,O,O,O,O,O,O,O,O,O,O,O,B-ADR,I-ADR,O,O,O,B-ADR,I-ADR,O,O,,,
skip, , , , , , , , , , , , , , , , , , , , , , , , , , ,,,
word,dreamt,i,was,squirting,acid,at,wood,lice,-,i,woke,screaming,when,they,came,at,me.,i,do,hope,the,dreams,are,the,#venlafaxine,withdrawal.,,,
pos,V,O,V,V,N,P,^,N,",",O,V,V,R,O,V,P,O,O,V,V,D,N,V,D,^,N,,,
true,B-ADR,O,O,O,O,O,O,O,O,O,O,O,O,O,O,O,O,O,O,O,O,O,O,O,O,B-ADR,,,
pred,B-ADR,O,O,B-ADR,I-ADR,O,O,O,O,O,O,O,O,O,O,O,O,O,O,O,O,B-ADR,O,O,O,B-ADR,,,
skip, , , , , , , , , , , , , , , , , , , , , , , , , , ,,,
word,it,appears,that,my,twitter,addiction,may,have,just,been,a,side,effect,of,my,nicotine,lozenge,addiction.,,,,,,,,,,,
pos,O,V,P,D,^,N,V,V,R,V,D,N,N,P,D,N,N,N,,,,,,,,,,,
true,O,O,O,O,O,B-ADR,O,O,O,O,O,O,O,O,O,O,O,O,,,,,,,,,,,
pred,O,O,O,O,O,B-ADR,O,O,O,O,O,O,O,O,O,O,O,O,,,,,,,,,,,
skip, , , , , , , , , , , , , , , , , , ,,,,,,,,,,,
word,can't,even,take,a,seroquel,cause,i,gotta,wake,up,smfh,,,,,,,,,,,,,,,,,,
pos,V,R,V,D,^,P,O,V,V,T,G,,,,,,,,,,,,,,,,,,
true,O,O,O,O,O,O,O,B-ADR,I-ADR,I-ADR,O,,,,,,,,,,,,,,,,,,
pred,O,O,O,O,O,O,O,O,O,I-ADR,O,,,,,,,,,,,,,,,,,,
skip, , , , , , , , , , , ,,,,,,,,,,,,,,,,,,
word,been,taking,low,dosage,of,paroxetine,for,the,last,two,years,and,only,recently,found,out,that,a,common,side,affect,is,pinsandneedles.,,,,,,
pos,V,V,A,N,P,^,P,D,A,$,N,&,R,R,V,T,P,D,N,N,V,V,O,,,,,,
true,O,O,O,O,O,O,O,O,O,O,O,O,O,O,O,O,O,O,O,O,O,O,B-ADR,,,,,,
pred,O,O,O,O,O,O,O,O,O,O,O,O,O,O,O,O,O,O,O,O,O,O,B-ADR,,,,,,
skip, , , , , , , , , , , , , , , , , , , , , , , ,,,,,,
word,allergic,reaction,to,#lamotrigine.,feel,free,to,share,&,distribute.,kill,#bigpharma,before,it,kills,us.,http://t.co/mfrgr3tenj,,,,,,,,,,,,
pos,A,N,P,V,V,A,P,V,&,V,V,#,P,O,V,O,U,,,,,,,,,,,,
true,B-ADR,I-ADR,O,O,O,O,O,O,O,O,O,O,O,O,O,O,O,,,,,,,,,,,,
pred,B-ADR,I-ADR,O,O,O,O,O,O,O,O,O,O,O,O,O,O,O,,,,,,,,,,,,
skip, , , , , , , , , , , , , , , , , ,,,,,,,,,,,,
word,i,can't,stop,yawning,#trazodone,,,,,,,,,,,,,,,,,,,,,,,,
pos,O,V,V,V,#,,,,,,,,,,,,,,,,,,,,,,,,
true,O,O,O,B-ADR,O,,,,,,,,,,,,,,,,,,,,,,,,
pred,O,O,B-ADR,O,O,,,,,,,,,,,,,,,,,,,,,,,,
skip, , , , , ,,,,,,,,,,,,,,,,,,,,,,,,
word,@url,@url,the,seroquel,is,addictive,a,d,they,deny,it.,,,,,,,,,,,,,,,,,,
pos,@,@,D,^,V,A,D,N,O,V,O,,,,,,,,,,,,,,,,,,
true,O,O,O,O,O,B-ADR,O,O,O,O,O,,,,,,,,,,,,,,,,,,
pred,O,O,O,O,O,B-ADR,O,O,O,O,O,,,,,,,,,,,,,,,,,,
skip, , , , , , , , , , , ,,,,,,,,,,,,,,,,,,
word,i,hate,my,new,medication.,it,makes,me,feel,hungry,:-(,#quetiapine,,,,,,,,,,,,,,,,,
pos,O,V,D,A,N,O,V,O,V,A,E,#,,,,,,,,,,,,,,,,,
true,O,O,O,O,O,O,O,O,O,B-ADR,O,O,,,,,,,,,,,,,,,,,
pred,O,O,O,O,O,O,O,O,O,O,O,O,,,,,,,,,,,,,,,,,
skip, , , , , , , , , , , , ,,,,,,,,,,,,,,,,,
word,i,can't,decide,if,i,should,watch,mind-numbing,reality,tv,on,netflix,or,abuse,my,prescription,for,trazodone,and,sleep,for,fifteen,hours,,,,,,
pos,O,V,V,P,O,V,V,A,N,N,P,^,&,V,D,N,P,^,&,V,P,$,N,,,,,,
true,O,O,O,O,O,O,O,O,O,O,O,O,O,O,O,O,O,O,O,B-ADR,I-ADR,I-ADR,I-ADR,,,,,,
pred,O,O,O,O,O,O,O,O,O,O,O,O,O,O,O,O,O,O,O,B-ADR,I-ADR,I-ADR,I-ADR,,,,,,
skip, , , , , , , , , , , , , , , , , , , , , , , ,,,,,,
word,i've,probably,gained,a,good,seven,or,eight,pounds,on,paxil.,my,5'2,and,small,frame,can't,deal,w,that.,lol,get,me,off,the,crazy,meds,asap!!!,
pos,L,R,V,D,A,$,&,$,N,P,^,D,A,&,A,N,V,V,P,O,!,V,O,T,D,A,N,R,
true,O,O,B-ADR,I-ADR,I-ADR,I-ADR,I-ADR,I-ADR,I-ADR,O,O,O,O,O,O,O,O,O,O,O,O,O,O,O,O,O,O,O,
pred,O,O,O,O,O,O,O,O,B-ADR,O,O,O,O,O,O,O,O,O,O,O,O,O,O,O,O,B-ADR,O,O,
skip, , , , , , , , , , , , , , , , , , , , , , , , , , , , ,
word,only,one,day,in,and,mirtazapine,is,like,fluoxetine,all,over,"again,",it,just,makes,me,so,tiered,,,,,,,,,,,
pos,A,$,N,P,&,^,V,P,V,D,P,R,O,R,V,O,R,A,,,,,,,,,,,
true,O,O,O,O,O,O,O,O,O,O,O,O,O,O,O,O,O,B-ADR,,,,,,,,,,,
pred,O,O,O,O,O,O,O,O,O,O,B-ADR,O,O,O,O,O,O,O,,,,,,,,,,,
skip, , , , , , , , , , , , , , , , , , ,,,,,,,,,,,
word,@url,fluoxetine.,killed,my,libido,stone,dead.,,,,,,,,,,,,,,,,,,,,,,
pos,@,V,V,D,N,N,A,,,,,,,,,,,,,,,,,,,,,,
true,O,O,B-ADR,I-ADR,I-ADR,O,O,,,,,,,,,,,,,,,,,,,,,,
pred,O,O,B-ADR,O,O,O,O,,,,,,,,,,,,,,,,,,,,,,
skip, , , , , , , ,,,,,,,,,,,,,,,,,,,,,,
word,starting,humira,tomorrow.,:),i,wonder,if,it,will,make,me,tired,for,a,day,or,so,like,remicade,did.,if,it,"works,",it's,worth,it.,,,
pos,V,^,N,E,O,V,P,O,V,V,O,A,P,D,N,&,R,P,N,V,P,O,V,L,A,O,,,
true,O,O,O,O,O,O,O,O,O,O,O,B-ADR,O,O,O,O,O,O,B-ADR,O,O,O,O,O,O,O,,,
pred,O,O,O,O,O,O,O,O,O,O,O,O,O,O,O,O,O,O,B-ADR,O,O,O,O,O,O,O,,,
skip, , , , , , , , , , , , , , , , , , , , , , , , , , ,,,
word,holy,shit,i,quit.,no,for,real,this,time,tho.,fuck,that,noise.,aint,got,time,for,stuffy,sinuses,and,nicotine,addiction.,,,,,,,
pos,A,N,O,V,D,P,A,D,N,P,V,D,N,V,V,N,P,A,N,&,N,N,,,,,,,
true,O,O,O,O,O,O,O,O,O,O,O,O,O,O,O,O,O,B-ADR,I-ADR,O,O,B-ADR,,,,,,,
pred,O,O,O,O,O,O,O,O,O,O,O,O,O,O,O,O,O,O,O,O,O,O,,,,,,,
skip, , , , , , , , , , , , , , , , , , , , , , ,,,,,,,
word,have,any,of,you,developed,knee,pain,since,starting,tysabri,?,what,helps,with,the,problem,?,,,,,,,,,,,,
pos,V,D,P,O,V,N,N,P,V,^,",",O,V,P,D,N,",",,,,,,,,,,,,
true,O,O,O,O,O,B-ADR,I-ADR,O,O,O,O,O,O,O,O,O,O,,,,,,,,,,,,
pred,O,O,O,O,O,B-ADR,I-ADR,O,O,O,O,O,O,O,O,O,O,,,,,,,,,,,,
skip, , , , , , , , , , , , , , , , , ,,,,,,,,,,,,
word,@url,i'm,on,citalapram,and,600mg,quetiapine,-,i'm,not,sleeping!,,,,,,,,,,,,,,,,,,
pos,@,L,P,^,&,$,N,",",L,R,V,,,,,,,,,,,,,,,,,,
true,O,O,O,O,O,O,O,O,O,B-ADR,I-ADR,,,,,,,,,,,,,,,,,,
pred,O,O,O,O,O,O,O,O,O,O,B-ADR,,,,,,,,,,,,,,,,,,
skip, , , , , , , , , , , ,,,,,,,,,,,,,,,,,,
word,when,i,was,taking,a,full,dose,of,"#paxil,",i,didn't,even,realize,that,sleeping,12,hours,a,"night,",then,falling,asleep,every,"day,",wasn't,normal.,,,
pos,R,O,V,V,D,A,N,P,^,O,V,R,V,O,V,$,N,D,N,R,V,R,D,N,V,A,,,
true,O,O,O,O,O,O,O,O,O,O,O,O,O,O,B-ADR,I-ADR,I-ADR,I-ADR,I-ADR,O,B-ADR,I-ADR,I-ADR,I-ADR,O,O,,,
pred,O,O,O,O,O,O,O,O,O,O,O,O,O,O,B-ADR,I-ADR,I-ADR,O,O,O,O,O,O,O,O,O,,,
skip, , , , , , , , , , , , , , , , , , , , , , , , , , ,,,
word,nicotine,withdrawals,#2daysdown,#forevertogo,#headache,#irritable,#toomanyhashtags,#makeitstop,,,,,,,,,,,,,,,,,,,,,
pos,N,N,#,#,#,A,#,#,,,,,,,,,,,,,,,,,,,,,
true,O,O,O,O,B-ADR,I-ADR,O,O,,,,,,,,,,,,,,,,,,,,,
pred,O,B-ADR,O,O,B-ADR,I-ADR,O,O,,,,,,,,,,,,,,,,,,,,,
skip, , , , , , , , ,,,,,,,,,,,,,,,,,,,,,
word,@url,"yeah,",i,"mean,",fluoxetine,made,me,feel,like,"shit,",and,citalopram,makes,me,feel,"ace,",so,worth,considering,if,you,ever,have,to,,,,,
pos,@,!,O,V,^,V,O,V,P,N,&,^,V,O,V,N,R,A,V,P,O,R,V,P,,,,,
true,O,O,O,O,O,O,O,B-ADR,I-ADR,I-ADR,O,O,O,O,O,O,O,O,O,O,O,O,O,O,,,,,
pred,O,O,O,O,O,O,O,B-ADR,O,O,O,O,O,O,B-ADR,I-ADR,O,O,O,O,O,O,O,O,,,,,
skip, , , , , , , , , , , , , , , , , , , , , , , , ,,,,,
word,fuck,paxil.,i,never,want,to,take,this,shit,"again,",but,every,time,i,try,i,get,ridiculously,sick.,my,life,suckssss.,,,,,,,
pos,V,^,O,R,V,P,V,D,N,R,&,D,N,O,V,O,V,R,A,D,N,V,,,,,,,
true,O,O,O,O,O,O,O,O,O,O,O,O,O,O,O,O,O,O,B-ADR,O,O,O,,,,,,,
pred,O,O,O,O,O,O,O,O,O,O,O,O,O,O,O,O,O,O,B-ADR,O,O,O,,,,,,,
skip, , , , , , , , , , , , , , , , , , , , , , ,,,,,,,
word,@url,i,was,on,muscle,relaxant,baclofen,for,two,"weeks,",then,2,months,trying,to,rid,myself,of,it.,11,days,in,without,and,no,sleep.,:/,,
pos,@,O,V,P,A,N,V,P,$,N,R,$,N,V,P,V,O,P,O,$,N,P,P,&,D,N,E,,
true,O,O,O,O,O,O,O,O,O,O,O,O,O,O,O,B-ADR,I-ADR,I-ADR,I-ADR,O,O,O,O,O,B-ADR,I-ADR,O,,
pred,O,O,O,O,O,O,O,O,O,O,O,O,O,O,O,O,O,O,O,O,O,O,O,O,B-ADR,I-ADR,O,,
skip, , , , , , , , , , , , , , , , , , , , , , , , , , , ,,
word,rt,@url:,@url,i,think,some,people,will,try,anything,sometimes!,i,have,with,my,severe,psoriasis!finally,awaiting,humira,inà,,,,,,,,,
pos,~,N,@,O,V,D,N,V,V,N,R,O,V,P,D,A,N,V,^,G,,,,,,,,,
true,O,O,O,O,O,O,O,O,O,O,O,O,O,O,O,O,B-ADR,O,O,O,,,,,,,,,
pred,O,O,O,O,O,O,O,O,O,O,O,O,O,O,O,O,B-ADR,O,O,O,,,,,,,,,
skip, , , , , , , , , , , , , , , , , , , , ,,,,,,,,,
word,not,feeling,like,staying,up,all,"night,",so,taking,the,#levothyroxin,in,the,morning.,#lamotrigine,early,at,0432utc,,,,,,,,,,,
pos,R,V,P,V,T,D,N,P,V,D,N,P,D,N,#,A,P,^,,,,,,,,,,,
true,O,O,O,B-ADR,I-ADR,I-ADR,I-ADR,O,O,O,O,O,O,O,O,O,O,O,,,,,,,,,,,
pred,O,B-ADR,I-ADR,I-ADR,I-ADR,O,O,O,O,O,O,O,O,O,O,O,O,O,,,,,,,,,,,
skip, , , , , , , , , , , , , , , , , , ,,,,,,,,,,,
word,@url:oral,drugs,for,pyelonephritis:ciprofloxacin,levofloxacin,tmp/smz,do,not,use,nitrofurantoin,for,pyelo(only,cystitis)@url,,,,,,,,,,,,,,,,
pos,A,N,P,V,V,N,V,R,V,N,P,A,^,,,,,,,,,,,,,,,,
true,O,O,O,B-ADR,O,O,O,O,O,O,O,O,O,,,,,,,,,,,,,,,,
pred,O,O,O,O,O,O,O,O,O,B-ADR,O,B-ADR,O,,,,,,,,,,,,,,,,
skip, , , , , , , , , , , , , ,,,,,,,,,,,,,,,,
word,rt,@url:,paxil,makes,it,nearly,impossible,to,cry.,,,,,,,,,,,,,,,,,,,,
pos,~,N,N,V,O,R,A,P,V,,,,,,,,,,,,,,,,,,,,
true,O,O,O,O,O,O,B-ADR,I-ADR,I-ADR,,,,,,,,,,,,,,,,,,,,
pred,O,O,O,O,O,O,B-ADR,I-ADR,I-ADR,,,,,,,,,,,,,,,,,,,,
skip, , , , , , , , , ,,,,,,,,,,,,,,,,,,,,
word,i,took,my,seroquel,over,an,hour,ago,hoping,it'd,make,me,fall,asleep,but,i'm,still,up,,,,,,,,,,,
pos,O,V,D,N,P,D,N,R,V,L,V,O,V,R,&,L,R,R,,,,,,,,,,,
true,O,O,O,O,O,O,O,O,O,O,O,O,B-ADR,I-ADR,O,O,O,O,,,,,,,,,,,
pred,O,O,O,O,O,O,O,O,O,O,B-ADR,O,B-ADR,I-ADR,O,O,O,O,,,,,,,,,,,
skip, , , , , , , , , , , , , , , , , , ,,,,,,,,,,,
word,"hi,",my,name's,makenna,and,my,mom,wanted,to,give,me,melatonin,instead,of,my,trazodone,and,i,haven't,gone,to,sleep,yet..,fml.,,,,,
pos,!,D,N,^,&,D,N,V,P,V,O,N,R,P,D,N,&,O,V,V,P,V,R,!,,,,,
true,O,O,O,O,O,O,O,O,O,O,O,O,O,O,O,O,O,O,O,O,O,B-ADR,O,O,,,,,
pred,O,O,O,O,O,O,O,O,O,O,O,O,O,O,O,O,O,O,O,O,O,B-ADR,O,O,,,,,
skip, , , , , , , , , , , , , , , , , , , , , , , , ,,,,,
word,@url,very,little,is,going,to,get,in,the,way,of,their,nicotine,addiction.,,,,,,,,,,,,,,,
pos,@,R,A,V,V,P,V,P,D,N,P,D,N,N,,,,,,,,,,,,,,,
true,O,O,O,O,O,O,O,O,O,O,O,O,O,B-ADR,,,,,,,,,,,,,,,
pred,O,O,O,O,O,O,O,O,O,O,O,O,O,O,,,,,,,,,,,,,,,
skip, , , , , , , , , , , , , , ,,,,,,,,,,,,,,,
word,@url,i've,had,too,much,quetiapine,today,-,i'm,zombified.,,,,,,,,,,,,,,,,,,,
pos,@,L,V,R,A,N,N,",",L,A,,,,,,,,,,,,,,,,,,,
true,O,O,O,O,O,O,O,O,O,B-ADR,,,,,,,,,,,,,,,,,,,
pred,O,O,O,O,O,O,O,O,O,B-ADR,,,,,,,,,,,,,,,,,,,
skip, , , , , , , , , , ,,,,,,,,,,,,,,,,,,,
word,rtô@url:,@url,i,heard,of,tysabri.,should,work,good,on,ms.,but,serious,side,effects,as,well,:(ö,that's,why,i'm,terrified!,,,,,,,
pos,N,@,O,V,P,^,V,V,A,P,^,&,A,N,N,P,R,",",L,R,L,A,,,,,,,
true,O,O,O,O,O,O,O,O,O,O,B-ADR,O,O,O,O,O,O,O,O,O,O,O,,,,,,,
pred,O,O,O,O,O,O,O,O,O,O,B-ADR,O,O,O,O,O,O,O,O,O,O,B-ADR,,,,,,,
skip, , , , , , , , , , , , , , , , , , , , , , ,,,,,,,
word,just,had,a,marathon,sleep,past,24hrs,on,new,dose,of,#duloxetine,-hope,my,liver,will,be,ok,on,it.woke,with,stressy,tummy,pains.,#sideeffects,,,,
pos,R,V,D,N,V,A,N,P,A,N,P,^,V,D,N,V,V,A,P,O,P,A,N,V,#,,,,
true,O,O,O,O,O,O,O,O,O,O,O,O,O,O,O,O,O,O,O,O,O,O,B-ADR,I-ADR,O,,,,
pred,O,O,O,O,B-ADR,O,O,O,O,O,O,O,O,O,O,O,O,O,O,O,O,B-ADR,I-ADR,O,O,,,,
skip, , , , , , , , , , , , , , , , , , , , , , , , , ,,,,
word,allergic,reaction,to,#lamotrigine.,feel,free,to,share,&,distribute.,kill,#bigpharma,before,it,kills,us.,http://t.co/bkqnqwy5nk,,,,,,,,,,,,
pos,A,N,P,V,V,A,P,V,&,V,V,#,P,O,V,O,U,,,,,,,,,,,,
true,B-ADR,I-ADR,O,O,O,O,O,O,O,O,O,O,O,O,O,O,O,,,,,,,,,,,,
pred,B-ADR,I-ADR,O,O,O,O,O,O,O,O,O,O,O,O,O,O,O,,,,,,,,,,,,
skip, , , , , , , , , , , , , , , , , ,,,,,,,,,,,,
word,@url,my,cousin,has,bipolar,she,is,on,"seroquel,",her,feet,are,always,going,&,she,twirls,her,hair,constantly,is,that,a,side,effect,of,them,,
pos,@,D,N,V,A,O,V,P,^,D,N,V,R,V,&,O,V,D,N,R,V,O,D,N,N,P,O,,
true,O,O,O,O,O,O,O,O,O,O,B-ADR,I-ADR,I-ADR,I-ADR,O,O,B-ADR,I-ADR,I-ADR,I-ADR,O,O,O,O,O,O,O,,
pred,O,O,B-ADR,O,O,O,O,O,O,O,O,O,O,O,O,O,O,O,B-ADR,O,O,O,O,O,O,O,O,,
skip, , , , , , , , , , , , , , , , , , , , , , , , , , , ,,
word,@url,thank,you,so,much,for,getting,the,message,out...wish,i,could,see,the,film,but,bayer,crippled,me,with,cipro,back,in,2009!,,,,,
pos,@,V,O,R,R,P,V,D,N,P,O,V,V,D,N,&,^,V,O,P,N,N,P,$,,,,,
true,O,O,O,O,O,O,O,O,O,O,O,O,O,O,O,O,O,B-ADR,O,O,O,O,O,O,,,,,
pred,O,O,O,O,O,O,O,O,O,O,O,O,O,O,O,O,O,B-ADR,O,O,O,B-ADR,O,O,,,,,
skip, , , , , , , , , , , , , , , , , , , , , , , , ,,,,,
word,weird,thing,about,paxil:,feeling,fully,awake,and,energized,and,feeling,completely,tired,and,half-asleep,at,the,same,time.,,,,,,,,,,
pos,A,N,P,^,V,R,A,&,V,&,V,R,A,&,A,P,D,A,N,,,,,,,,,,
true,O,O,O,O,O,O,O,O,O,O,O,O,B-ADR,O,B-ADR,O,O,O,O,,,,,,,,,,
pred,O,O,O,O,O,O,B-ADR,O,O,O,O,O,B-ADR,O,O,O,O,O,O,,,,,,,,,,
skip, , , , , , , , , , , , , , , , , , , ,,,,,,,,,,
word,i've,been,really,forgetting,to,take,my,paxil,lately,but,if,i,take,it,with,a,my,seroquel,it,makes,my,sinuses,close,up,:(,,,,
pos,L,V,R,V,P,V,D,N,R,&,P,O,V,O,P,D,D,N,O,V,D,N,V,T,E,,,,
true,O,O,O,O,O,O,O,O,O,O,O,O,O,O,O,O,O,O,O,O,O,B-ADR,I-ADR,I-ADR,O,,,,
pred,O,O,O,O,O,O,O,O,O,O,O,O,O,O,O,O,O,O,O,O,O,B-ADR,I-ADR,O,O,,,,
skip, , , , , , , , , , , , , , , , , , , , , , , , , ,,,,
word,panic,attacking,because,you,cant,find,your,effexor,and,know,withdrawal,will,set,in,momentarily,&lt;&lt;&lt;&lt;&lt;&lt;&lt;.,,,,,,,,,,,,,
pos,N,V,P,O,V,V,D,N,&,V,N,V,V,P,R,G,,,,,,,,,,,,,
true,O,O,O,O,O,O,O,O,O,O,B-ADR,O,O,O,O,O,,,,,,,,,,,,,
pred,B-ADR,O,O,O,O,O,O,O,O,O,B-ADR,O,O,O,O,O,,,,,,,,,,,,,
skip, , , , , , , , , , , , , , , , ,,,,,,,,,,,,,
word,pt,of,mine,died,from,cipro,rt,@url:,@url,if,only,more,doctors,thought,like,you!,i,lost,my,entire,life,to,12,cipro,pills,,,,
pos,N,P,O,V,P,N,V,G,@,P,R,A,N,V,P,O,O,V,D,A,N,P,$,N,N,,,,
true,O,O,O,B-ADR,O,O,O,O,O,O,O,O,O,O,O,O,O,O,O,O,O,O,O,O,O,,,,
pred,O,O,O,O,O,O,O,O,O,O,O,O,O,O,O,O,O,B-ADR,I-ADR,I-ADR,O,O,O,O,O,,,,
skip, , , , , , , , , , , , , , , , , , , , , , , , , ,,,,
word,@url,"umm,",are,you,being,a,smart-ass?,dont,mess,with,me,right,now.,going,through,cymbalta,withdrawal,i,think,&,im,very,depressed.,,,,,,
pos,@,!,V,O,V,D,N,V,V,P,O,R,R,V,P,^,N,O,V,&,L,R,A,,,,,,
true,O,O,O,O,O,O,O,O,O,O,O,O,O,O,O,O,B-ADR,O,O,O,O,O,O,,,,,,
pred,O,O,O,O,O,O,O,O,O,O,O,O,O,O,O,O,B-ADR,O,O,O,O,O,B-ADR,,,,,,
skip, , , , , , , , , , , , , , , , , , , , , , , ,,,,,,
word,though,i'm,still,sleeping,"well,",even,on,floor.,that,much,be,because,of,long,half,life,and,still,having,fluoxetine,in,my,system.,,,,,,
pos,P,L,R,V,R,R,P,N,P,A,V,P,P,A,N,N,&,R,V,N,P,D,N,,,,,,
true,O,O,O,B-ADR,O,O,O,O,O,O,O,O,O,O,O,O,O,O,O,O,O,O,O,,,,,,
pred,O,O,O,B-ADR,O,O,O,O,O,O,O,O,O,O,O,O,O,O,O,O,O,O,O,,,,,,
skip, , , , , , , , , , , , , , , , , , , , , , , ,,,,,,
word,@url,now,that,i'm,on,a,hefty,dose,of,quetiapine,i,usually,sleep,no,problem.,yet,the,anxiety,remains.,a,hangover,from,the,days,when...,,,,
pos,@,R,P,L,P,D,A,N,P,^,O,R,V,D,N,R,D,N,V,D,N,P,D,N,R,,,,
true,O,O,O,O,O,O,O,O,O,O,O,O,B-ADR,O,O,O,O,B-ADR,O,O,O,O,O,O,O,,,,
pred,O,O,O,O,O,O,O,O,O,O,O,O,O,O,O,O,O,B-ADR,O,O,B-ADR,O,O,O,O,,,,
skip, , , , , , , , , , , , , , , , , , , , , , , , , ,,,,
word,@url,not,that,i,ever,noticed.,i,was,taking,it,with,"venlafaxine,",and,it,definitely,made,me,drowsy,,,,,,,,,,,
pos,@,R,O,O,R,V,O,V,V,O,P,^,&,O,R,V,O,A,,,,,,,,,,,
true,O,O,O,O,O,O,O,O,O,O,O,O,O,O,O,O,O,B-ADR,,,,,,,,,,,
pred,O,O,O,O,O,O,O,O,O,O,O,O,O,O,O,O,O,B-ADR,,,,,,,,,,,
skip, , , , , , , , , , , , , , , , , , ,,,,,,,,,,,
word,little,did,i,know,that,i,would,go,through,withdrawals,when,coming,off,of,effexor,xr.,#antidepressants,,,,,,,,,,,,
pos,A,N,O,V,O,O,V,V,P,N,R,V,T,P,G,G,#,,,,,,,,,,,,
true,O,O,O,O,O,O,O,O,O,B-ADR,O,O,O,O,O,O,B-ADR,,,,,,,,,,,,
pred,O,O,O,O,O,O,O,O,O,B-ADR,O,O,O,O,O,O,B-ADR,,,,,,,,,,,,
skip, , , , , , , , , , , , , , , , , ,,,,,,,,,,,,
word,new,meds,have,me,out,of,it.,i,want,therapy,not,doping,up!,i,was,highly,functioning,now,have,trouble,standing!,#quetiapine,#bipolar,,,,,,
pos,A,N,V,O,P,P,O,O,V,N,R,V,N,O,V,R,V,R,V,N,V,#,#,,,,,,
true,O,O,O,O,B-ADR,I-ADR,I-ADR,O,O,O,O,O,O,O,O,O,O,O,O,O,O,O,B-ADR,,,,,,
pred,O,O,O,O,O,O,O,O,O,B-ADR,O,O,O,O,O,O,O,O,O,O,O,O,B-ADR,,,,,,
skip, , , , , , , , , , , , , , , , , , , , , , , ,,,,,,
word,@url,i,feel,for,"you,",i,had,the,sane,experience,of,disturbed,sleep,&,bad,dreams,on,venlafaxine,xx,,,,,,,,,,
pos,@,O,V,P,O,O,V,D,A,N,P,A,N,&,A,N,P,^,E,,,,,,,,,,
true,O,O,O,O,O,O,O,O,O,O,O,B-ADR,I-ADR,O,B-ADR,I-ADR,O,O,O,,,,,,,,,,
pred,O,O,O,O,O,O,O,O,O,O,O,B-ADR,I-ADR,O,O,B-ADR,O,O,O,,,,,,,,,,
skip, , , , , , , , , , , , , , , , , , , ,,,,,,,,,,
word,go,see,specialist,nurse,about,starting,humira,in,a,week!,scared,but,excited!,#crohns,#cdsn,,,,,,,,,,,,,,
pos,V,V,N,N,P,V,^,P,D,N,A,&,A,#,#,,,,,,,,,,,,,,
true,O,O,O,O,O,O,O,O,O,O,O,O,O,B-ADR,O,,,,,,,,,,,,,,
pred,O,O,O,O,O,O,O,O,O,O,O,O,O,B-ADR,O,,,,,,,,,,,,,,
skip, , , , , , , , , , , , , , , ,,,,,,,,,,,,,,
word,@url,many,congratualtions,for,being,able,to,come,off,quetiapine,-,i,have,read,that,and,clozapine,are,the,worst,for,withdrawals,,,,,,,
pos,@,A,N,P,V,A,P,V,T,^,",",O,V,V,O,&,N,V,D,A,P,N,,,,,,,
true,O,O,O,O,O,O,O,O,O,O,O,O,O,O,O,O,O,O,O,O,O,B-ADR,,,,,,,
pred,O,O,O,O,O,B-ADR,O,O,O,O,O,O,O,O,O,O,O,O,O,O,O,B-ADR,,,,,,,
skip, , , , , , , , , , , , , , , , , , , , , , ,,,,,,,
word,@url,avelox,got,me.,central,nervous,system,breakdown.,,,,,,,,,,,,,,,,,,,,,
pos,@,^,V,O,R,A,N,N,,,,,,,,,,,,,,,,,,,,,
true,O,O,O,O,B-ADR,I-ADR,I-ADR,I-ADR,,,,,,,,,,,,,,,,,,,,,
pred,O,O,O,O,O,O,B-ADR,O,,,,,,,,,,,,,,,,,,,,,
skip, , , , , , , , ,,,,,,,,,,,,,,,,,,,,,
word,i,wish,everyone,i,loved,wasn't,addicted,to,nicotine.,,,,,,,,,,,,,,,,,,,,
pos,O,V,N,O,V,V,A,P,N,,,,,,,,,,,,,,,,,,,,
true,O,O,O,O,O,O,B-ADR,O,O,,,,,,,,,,,,,,,,,,,,
pred,O,O,O,O,O,O,B-ADR,O,O,,,,,,,,,,,,,,,,,,,,
skip, , , , , , , , , ,,,,,,,,,,,,,,,,,,,,
word,young,nigga,just,gave,me,a,70mg,"vyvanse,",these,things,can,twerk,me,out,thank,goodness,for,my,script,of,xanax,,,,,,,,
pos,A,N,R,V,O,D,N,V,D,N,V,V,O,T,V,^,P,D,N,P,^,,,,,,,,
true,O,O,O,O,O,O,O,O,O,O,O,B-ADR,I-ADR,I-ADR,O,O,O,O,O,O,O,,,,,,,,
pred,O,O,O,O,O,O,O,O,O,O,O,B-ADR,O,I-ADR,O,O,O,O,O,O,O,,,,,,,,
skip, , , , , , , , , , , , , , , , , , , , , ,,,,,,,,
word,@url,cymbalta,is,especially,weird,iæve,had,withdrawal,quickly,from,missing,a,pill,,,,,,,,,,,,,,,,
pos,@,N,V,R,A,^,V,N,R,P,V,D,N,,,,,,,,,,,,,,,,
true,O,O,O,O,O,O,O,B-ADR,O,O,O,O,O,,,,,,,,,,,,,,,,
pred,O,O,O,O,O,O,O,O,O,O,O,O,O,,,,,,,,,,,,,,,,
skip, , , , , , , , , , , , , ,,,,,,,,,,,,,,,,
word,too,much,vyvanse....,not,sleeping,tonight,,,,,,,,,,,,,,,,,,,,,,,
pos,R,A,N,R,V,R,,,,,,,,,,,,,,,,,,,,,,,
true,O,O,O,B-ADR,I-ADR,O,,,,,,,,,,,,,,,,,,,,,,,
pred,O,O,B-ADR,O,I-ADR,O,,,,,,,,,,,,,,,,,,,,,,,
skip, , , , , , ,,,,,,,,,,,,,,,,,,,,,,,
word,i,haven't,slept,in,2,days,due,to,#vyvanse,,,,,,,,,,,,,,,,,,,,
pos,O,V,V,P,$,N,A,P,#,,,,,,,,,,,,,,,,,,,,
true,O,B-ADR,I-ADR,O,O,O,O,O,O,,,,,,,,,,,,,,,,,,,,
pred,O,O,B-ADR,I-ADR,O,O,O,O,O,,,,,,,,,,,,,,,,,,,,
skip, , , , , , , , , ,,,,,,,,,,,,,,,,,,,,
word,@url,watch,your,eyesight,with,lamictal-,i,went,from,awesome,"vision,",to,wearing,glasses,full,time,for,the,2,yrs,i,was,on,it.,,,,,
pos,@,V,D,N,P,A,O,V,P,A,N,P,V,N,A,N,P,D,$,N,O,V,P,O,,,,,
true,O,O,O,B-ADR,O,O,O,O,O,B-ADR,I-ADR,I-ADR,I-ADR,I-ADR,O,O,O,O,O,O,O,O,O,O,,,,,
pred,O,O,O,O,O,O,O,O,O,O,O,O,O,O,O,O,O,O,O,O,O,O,O,O,,,,,
skip, , , , , , , , , , , , , , , , , , , , , , , , ,,,,,
word,fucking,nicotine,driving,my,fucking,mind,up,the,fucking,wall.,i,feel,like,kathy,bates,,,,,,,,,,,,,,
pos,A,N,V,D,A,N,P,D,A,N,O,V,P,^,^,,,,,,,,,,,,,,
true,O,O,B-ADR,I-ADR,I-ADR,I-ADR,I-ADR,I-ADR,I-ADR,I-ADR,O,O,O,O,O,,,,,,,,,,,,,,
pred,O,O,O,O,O,B-ADR,O,O,O,O,O,O,O,I-ADR,O,,,,,,,,,,,,,,
skip, , , , , , , , , , , , , , , ,,,,,,,,,,,,,,
word,im,on,the,codiene,lean,oxy,hydro,pill,trazodone,ah,man,loud,n,moscato,vision,blurry,still,alot,on,deck,fuck,everybody,im,rollin,#superhard,,,,
pos,L,P,D,N,V,A,N,N,N,!,N,A,&,N,N,A,R,A,P,N,V,N,L,V,#,,,,
true,O,O,O,O,O,O,O,O,O,O,O,O,O,O,B-ADR,I-ADR,O,O,O,O,O,O,O,O,O,,,,
pred,O,O,O,O,O,O,O,O,O,O,O,O,O,O,B-ADR,I-ADR,O,O,O,O,O,O,O,O,O,,,,
skip, , , , , , , , , , , , , , , , , , , , , , , , , ,,,,
word,someone,back,me,up,to,@url,about,what,a,trauma,when,you,have,to,dispense,20,lots,of,rifampicin,and,cipro,for,meningitis,prophylaxis,,,,,
pos,N,R,O,T,P,@,P,O,D,N,R,O,V,P,V,$,N,P,^,&,N,P,^,N,,,,,
true,O,O,O,O,O,O,O,O,O,O,O,O,O,O,O,O,O,O,O,O,O,O,B-ADR,I-ADR,,,,,
pred,O,O,O,O,O,O,O,O,O,O,O,O,O,O,O,I-ADR,I-ADR,O,O,O,O,O,O,O,,,,,
skip, , , , , , , , , , , , , , , , , , , , , , , , ,,,,,
word,@url,humira,worked,for,me,much,better,than,remicaid.,i,felt,constantly,beat,up,on,r.,humira,was,much,easier,to,"administer,",too.,,,,,,
pos,@,^,V,P,O,R,A,P,N,O,V,R,V,T,P,N,^,V,R,A,P,V,R,,,,,,
true,O,O,O,O,O,O,O,O,B-ADR,O,O,O,B-ADR,I-ADR,O,O,O,O,O,O,O,O,O,,,,,,
pred,O,O,O,O,O,O,O,O,O,O,O,O,B-ADR,O,O,O,O,O,O,O,O,O,O,,,,,,
skip, , , , , , , , , , , , , , , , , , , , , , , ,,,,,,
word,when,on,high,dose,of,"seroquel,",alcoholism,was,at,it's,worst,and,cravings,constant,and,intense.,now,off,"seroquel,",cravings,occasional.,,,,,,,,
pos,R,P,A,N,P,^,N,V,P,L,A,&,N,A,&,A,R,P,^,N,A,,,,,,,,
true,O,O,O,O,O,O,B-ADR,O,O,O,O,O,B-ADR,O,O,O,O,O,O,O,O,,,,,,,,
pred,O,O,O,O,O,O,B-ADR,O,O,O,O,O,B-ADR,O,O,O,O,O,O,B-ADR,I-ADR,,,,,,,,
skip, , , , , , , , , , , , , , , , , , , , , ,,,,,,,,
word,i,think,i,might,be,allergic,to,effexor.,i,just,woke,up,feeling,"sick,",meh.,,,,,,,,,,,,,,
pos,O,V,O,V,V,A,P,G,O,R,V,T,V,A,G,,,,,,,,,,,,,,
true,O,O,O,O,O,B-ADR,O,O,O,O,O,O,O,B-ADR,O,,,,,,,,,,,,,,
pred,O,O,O,O,O,B-ADR,O,O,O,O,O,O,O,I-ADR,O,,,,,,,,,,,,,,
skip, , , , , , , , , , , , , , , ,,,,,,,,,,,,,,
word,1/2,vitamin,d,malsorption,and,damaged,photosynthesis,of,sun,shine,in,to,vitamin,d,from,levaquin,toxicity,leading,to,calcium,problems.,,,,,,,,
pos,$,N,G,N,&,V,N,P,^,V,P,P,N,N,P,^,N,V,P,N,N,,,,,,,,
true,O,B-ADR,I-ADR,I-ADR,O,O,O,O,O,O,O,O,O,O,O,O,O,O,O,B-ADR,I-ADR,,,,,,,,
pred,O,O,O,O,O,O,O,O,O,O,O,O,O,O,O,O,O,O,O,O,O,,,,,,,,
skip, , , , , , , , , , , , , , , , , , , , , ,,,,,,,,
word,@url,effexor,i,found,was,not,so,bad.,currently,on,cymbalta,&the,wdrawals,are,vile.,internet,full,of,horror,"stories,",,,,,,,,,
pos,@,G,O,V,V,R,R,A,R,P,N,D,N,V,A,N,N,P,N,N,,,,,,,,,
true,O,O,O,O,O,O,O,O,O,O,O,O,B-ADR,O,O,O,O,O,O,O,,,,,,,,,
pred,O,O,O,O,O,O,O,O,O,O,O,O,O,O,B-ADR,O,O,O,O,O,,,,,,,,,
skip, , , , , , , , , , , , , , , , , , , , ,,,,,,,,,
word,this,lozenge,is,making,my,whole,mouth,numb...,is,that,normal?,,,,,,,,,,,,,,,,,,
pos,D,N,V,V,D,A,N,A,V,D,A,,,,,,,,,,,,,,,,,,
true,O,O,O,O,O,O,O,B-ADR,O,O,O,,,,,,,,,,,,,,,,,,
pred,O,O,O,O,O,O,B-ADR,I-ADR,O,O,O,,,,,,,,,,,,,,,,,,
skip, , , , , , , , , , , ,,,,,,,,,,,,,,,,,,
word,going,to,the,hair,salon,is,no,longer,a,pleasant,experience.how,much,are,we,cutting?half,of,it.,#crohns,#hairloss,#autoimmune,disease,#humira,,,,,,,
pos,V,P,D,N,N,V,D,N,D,A,N,A,V,O,V,P,O,#,#,A,N,#,,,,,,,
true,O,O,O,O,O,O,O,O,O,O,O,O,O,O,O,O,O,B-ADR,O,B-ADR,I-ADR,O,,,,,,,
pred,O,O,O,B-ADR,I-ADR,O,O,O,O,O,O,O,O,O,O,O,O,B-ADR,I-ADR,I-ADR,O,O,,,,,,,
skip, , , , , , , , , , , , , , , , , , , , , , ,,,,,,,
word,damn,i,need,to,"sleep,",fucken,vyvanse,,,,,,,,,,,,,,,,,,,,,,
pos,!,O,V,P,V,R,A,,,,,,,,,,,,,,,,,,,,,,
true,O,O,B-ADR,I-ADR,I-ADR,O,O,,,,,,,,,,,,,,,,,,,,,,
pred,O,O,O,O,B-ADR,O,O,,,,,,,,,,,,,,,,,,,,,,
skip, , , , , , , ,,,,,,,,,,,,,,,,,,,,,,
word,pretty,sure,my,vyvanse,is,making,me,dizzy,and,making,my,chest,hurt.,?,,,,,,,,,,,,,,,
pos,R,A,D,N,V,V,O,A,&,V,D,N,V,",",,,,,,,,,,,,,,,
true,O,O,O,O,O,O,O,B-ADR,O,O,O,B-ADR,I-ADR,O,,,,,,,,,,,,,,,
pred,O,O,O,O,O,O,O,B-ADR,O,B-ADR,I-ADR,B-ADR,I-ADR,O,,,,,,,,,,,,,,,
skip, , , , , , , , , , , , , , ,,,,,,,,,,,,,,,
word,@url,best,of,luck,man!,and,they,do,suck,:/,i,was,on,olanzapine,(abilify,didnt,work)...was,"awful,",gained,3stone.,off,it,nw,n,doin,gud!,,,
pos,@,A,P,N,N,&,O,V,V,E,O,V,P,^,^,V,V,A,V,V,T,O,V,&,V,A,,,
true,O,O,O,O,O,O,O,O,O,O,O,O,O,O,O,O,O,O,B-ADR,I-ADR,O,O,O,O,O,O,,,
pred,O,O,O,O,O,O,O,O,O,O,O,O,O,O,O,O,O,O,B-ADR,I-ADR,O,O,O,O,O,O,,,
skip, , , , , , , , , , , , , , , , , , , , , , , , , , ,,,
word,i've,decided,i'm,really,not,happy,with,the,pain,lamotrigine,is,causing,or,the,poor,sleep.,i,am,thinking,of,asking,for,a,trial,of,prozac,and,,
pos,L,V,L,R,R,A,P,D,N,N,V,V,&,D,A,N,O,V,V,P,V,P,D,N,P,^,&,,
true,O,O,O,O,O,O,O,O,B-ADR,O,O,O,O,O,B-ADR,I-ADR,O,O,O,O,O,O,O,O,O,O,O,,
pred,O,O,O,O,O,O,O,O,O,O,O,O,O,O,B-ADR,I-ADR,I-ADR,I-ADR,I-ADR,O,O,O,O,O,O,O,O,,
skip, , , , , , , , , , , , , , , , , , , , , , , , , , , ,,
word,@url,been,thailand,so,many,time,it's,lovely,but,always,seem,to,have,bad,dreams,every,since,i,been,on,quetiapine,x,,,,,,,
pos,@,V,^,R,A,N,L,A,&,R,V,P,V,A,N,N,P,O,V,P,^,E,,,,,,,
true,O,O,O,O,O,O,O,O,O,O,O,O,O,B-ADR,I-ADR,O,O,O,O,O,O,O,,,,,,,
pred,O,O,O,O,O,O,O,O,O,O,O,O,O,O,B-ADR,O,O,O,O,O,O,O,,,,,,,
skip, , , , , , , , , , , , , , , , , , , , , , ,,,,,,,
word,11,hours,sleep,and,still,i,feel,tired,and,dizzy,#venlafaxine,#day10,,,,,,,,,,,,,,,,,
pos,$,N,N,&,R,O,V,A,&,A,#,#,,,,,,,,,,,,,,,,,
true,O,O,B-ADR,O,O,O,O,B-ADR,O,O,O,O,,,,,,,,,,,,,,,,,
pred,O,O,O,O,O,O,O,B-ADR,O,B-ADR,O,O,,,,,,,,,,,,,,,,,
skip, , , , , , , , , , , , ,,,,,,,,,,,,,,,,,
word,took,25,pills,of,lamictal,cause,that,shit,will,fuck,you,up.,yo,eyes,are,outta,focus,and,you,can't,walk,straight,but,your,happy,as,hell.,,
pos,V,$,N,P,^,P,D,N,V,V,O,V,D,N,V,P,N,&,O,V,V,R,&,D,A,P,N,,
true,O,O,O,O,O,O,O,O,O,O,O,O,O,B-ADR,I-ADR,I-ADR,I-ADR,O,O,B-ADR,I-ADR,I-ADR,O,O,O,O,O,,
pred,O,O,O,O,O,O,O,O,O,O,O,O,O,O,O,B-ADR,I-ADR,O,O,B-ADR,I-ADR,O,O,O,O,O,O,,
skip, , , , , , , , , , , , , , , , , , , , , , , , , , , ,,
word,just,woke,up.,since,i,started,on,the,higher,dose,of,quetiapine,i'm,sleeping,even,more,&,i,feel,knackered,when,i,wake.,,,,,,
pos,R,V,T,P,O,V,P,D,A,N,P,^,L,V,R,A,&,O,V,A,R,O,V,,,,,,
true,O,O,O,O,O,O,O,O,O,O,O,O,O,B-ADR,O,O,O,O,O,B-ADR,I-ADR,I-ADR,I-ADR,,,,,,
pred,B-ADR,O,O,O,O,O,O,O,O,O,O,O,O,O,O,O,O,O,B-ADR,I-ADR,O,O,O,,,,,,
skip, , , , , , , , , , , , , , , , , , , , , , , ,,,,,,
word,i,couldn't,remember,if,i,took,a,vyvanse,or,not,early,so,i,took,another,one,&now,i'm,spazzing,out...,bc,obviously,i,took,one,already??,#adhd,,
pos,O,V,V,P,O,V,D,N,&,R,R,P,O,V,D,$,R,L,V,T,P,R,O,V,$,R,#,,
true,O,O,O,O,O,O,O,O,O,O,O,O,O,O,O,O,O,O,B-ADR,I-ADR,O,O,O,O,O,O,B-ADR,,
pred,O,B-ADR,O,O,O,O,O,O,O,O,O,O,O,O,O,O,O,O,B-ADR,I-ADR,O,O,O,O,O,O,O,,
skip, , , , , , , , , , , , , , , , , , , , , , , , , , , ,,
word,this,night,of,no,sleep,is,brought,to,you,by,vyvanse.,?,,,,,,,,,,,,,,,,,
pos,D,N,P,D,N,V,V,P,O,P,^,",",,,,,,,,,,,,,,,,,
true,O,O,O,B-ADR,I-ADR,O,O,O,O,O,O,O,,,,,,,,,,,,,,,,,
pred,O,O,O,B-ADR,I-ADR,I-ADR,O,O,O,O,O,O,,,,,,,,,,,,,,,,,
skip, , , , , , , , , , , , ,,,,,,,,,,,,,,,,,
word,@url,had,my,doctor,attempted,to,treat,with,bactrim,prior,to,"cipro,",i,wouldn't,be,crippled,today.,,,,,,,,,,,,
pos,@,V,D,N,V,P,V,P,N,R,P,N,O,V,V,A,N,,,,,,,,,,,,
true,O,O,O,O,O,O,O,O,O,O,O,O,O,O,O,B-ADR,O,,,,,,,,,,,,
pred,O,O,O,O,O,O,O,O,O,O,O,O,O,O,O,B-ADR,O,,,,,,,,,,,,
skip, , , , , , , , , , , , , , , , , ,,,,,,,,,,,,
word,your,humira,shot,burns,with,the,power,of,a,thousand,suns,#ibdfmlmoments,#crohns,#ibd,#uc,,,,,,,,,,,,,,
pos,D,^,N,V,P,D,N,P,D,$,N,#,#,#,#,,,,,,,,,,,,,,
true,O,O,O,O,O,O,O,O,O,O,O,B-ADR,I-ADR,O,O,,,,,,,,,,,,,,
pred,O,O,O,O,O,O,O,O,O,O,O,O,B-ADR,I-ADR,O,,,,,,,,,,,,,,
skip, , , , , , , , , , , , , , , ,,,,,,,,,,,,,,
word,@url,i,loved,fluoxetine,(prozac),but,it,made,me,lose,my,temper,of,the,slightest,thing,but,that,was,the,only,downside.,,,,,,,
pos,@,O,V,^,^,&,O,V,O,V,D,N,P,D,A,N,&,O,V,D,A,N,,,,,,,
true,O,O,O,O,O,O,O,O,O,B-ADR,I-ADR,I-ADR,O,O,O,O,O,O,O,O,O,O,,,,,,,
pred,O,O,O,O,O,O,O,O,O,O,O,B-ADR,O,O,O,O,O,O,O,O,O,O,,,,,,,
skip, , , , , , , , , , , , , , , , , , , , , , ,,,,,,,
word,@url,i'm,sure,it,helps,that,you,are,so,active.,i,did,eventually,lose,my,olanzapine,"lbs,",so,there,is,hope.,:),,,,,,,
pos,@,L,A,O,V,P,O,V,R,A,O,V,R,V,D,A,N,P,X,V,V,E,,,,,,,
true,O,O,O,O,O,O,O,O,O,O,O,O,O,O,O,B-ADR,I-ADR,O,O,O,O,O,,,,,,,
pred,O,O,O,O,O,O,O,O,O,O,O,O,O,O,O,B-ADR,I-ADR,O,O,O,O,O,,,,,,,
skip, , , , , , , , , , , , , , , , , , , , , , ,,,,,,,
word,"hmm,",interesting.,i,may,have,been,undergoing,baclofen,withdrawal,hence,the,anxiety,for,the,past,few,monthsà,#hypochondria,,,,,,,,,,,
pos,!,A,O,V,V,V,V,N,N,R,D,N,P,D,A,A,N,N,,,,,,,,,,,
true,O,O,O,O,O,O,O,O,O,O,O,B-ADR,O,O,O,O,O,B-ADR,,,,,,,,,,,
pred,O,O,O,O,O,O,O,O,B-ADR,O,O,B-ADR,O,O,O,O,O,O,,,,,,,,,,,
skip, , , , , , , , , , , , , , , , , , ,,,,,,,,,,,
word,although,my,bitching,about,being,fat,did,look,a,but,comical,next,to,my,"brother,",with,his,olanzapine,induced,weight,gain.,,,,,,,,
pos,P,D,N,P,V,A,V,V,D,&,A,A,P,D,N,P,D,A,A,N,V,,,,,,,,
true,O,O,O,O,O,O,O,O,O,O,O,O,O,O,O,O,O,O,O,B-ADR,I-ADR,,,,,,,,
pred,O,O,O,O,O,B-ADR,O,B-ADR,O,O,O,O,O,O,O,O,O,O,O,O,O,,,,,,,,
skip, , , , , , , , , , , , , , , , , , , , , ,,,,,,,,
word,iæm,going,to,try,for,sleep.,real,sleep.,not,that,light,bastard,that,#venlafaxine,brings,me.,,,,,,,,,,,,,
pos,L,V,P,V,P,V,A,N,R,D,N,N,P,^,V,O,,,,,,,,,,,,,
true,O,O,O,B-ADR,I-ADR,I-ADR,O,O,O,O,B-ADR,I-ADR,O,O,O,O,,,,,,,,,,,,,
pred,O,O,O,O,O,O,O,B-ADR,I-ADR,O,B-ADR,O,O,O,O,O,,,,,,,,,,,,,
skip, , , , , , , , , , , , , , , , ,,,,,,,,,,,,,
word,put,a,lozenge,in,my,mouth,to,stop,me,coughing,at,like,"5am,",woke,up,just,now,and,a,bit,was,still,there,#choke,,,,,
pos,V,D,N,P,D,N,P,V,O,V,P,P,$,V,T,R,R,&,D,N,V,R,R,#,,,,,
true,O,O,O,O,O,O,O,O,O,B-ADR,O,O,O,O,O,O,O,O,O,O,O,O,O,O,,,,,
pred,O,O,O,O,O,O,O,O,O,B-ADR,O,O,O,O,O,O,O,O,O,O,O,O,O,O,,,,,
skip, , , , , , , , , , , , , , , , , , , , , , , , ,,,,,
word,lamictal,nap,ft.,2,cups,of,caffeinated,coffee,,,,,,,,,,,,,,,,,,,,,
pos,^,N,V,$,N,P,A,N,,,,,,,,,,,,,,,,,,,,,
true,O,B-ADR,O,O,O,O,O,O,,,,,,,,,,,,,,,,,,,,,
pred,O,B-ADR,I-ADR,O,O,O,O,O,,,,,,,,,,,,,,,,,,,,,
skip, , , , , , , , ,,,,,,,,,,,,,,,,,,,,,
word,@url,i,lost,effectiveness,on,"humira,",and,then,methotrexate,was,added,and,it,was,like,going,back,to,starting,the,drug.,,,,,,,,
pos,@,O,V,N,P,^,&,R,O,V,V,&,O,V,P,V,R,P,V,D,N,,,,,,,,
true,O,O,B-ADR,I-ADR,O,O,O,O,O,O,O,O,O,O,O,O,O,O,O,O,O,,,,,,,,
pred,O,O,O,B-ADR,O,O,O,O,O,O,O,O,O,O,O,O,O,O,O,O,O,,,,,,,,
skip, , , , , , , , , , , , , , , , , , , , , ,,,,,,,,
word,not,sure,the,paxil,is,working,any,more,,,,,,,,,,,,,,,,,,,,,
pos,R,A,D,^,V,V,D,A,,,,,,,,,,,,,,,,,,,,,
true,O,O,O,O,O,B-ADR,I-ADR,I-ADR,,,,,,,,,,,,,,,,,,,,,
pred,O,O,O,O,O,O,O,O,,,,,,,,,,,,,,,,,,,,,
skip, , , , , , , , ,,,,,,,,,,,,,,,,,,,,,
word,@url,for,sure.,i'd,get,no,sleep,at,all,if,it,wasn't,for,#trazodone.,:),,,,,,,,,,,,,,
pos,@,P,A,L,V,D,N,P,D,P,O,V,P,#,E,,,,,,,,,,,,,,
true,O,O,O,O,O,O,B-ADR,O,O,O,O,O,O,O,O,,,,,,,,,,,,,,
pred,O,O,O,O,O,O,B-ADR,O,O,O,O,O,O,O,O,,,,,,,,,,,,,,
skip, , , , , , , , , , , , , , , ,,,,,,,,,,,,,,
word,coming,off,#quetiapine,is,harder,than,u,think.,nausea,sickness,hot,and,cold,shivers,twitching,headache,#bipolar,#mentalhealth,#medication,,,,,,,,,,
pos,V,T,^,V,A,P,O,V,N,N,A,&,A,N,V,N,#,#,#,,,,,,,,,,
true,B-ADR,I-ADR,O,O,O,O,O,O,O,O,B-ADR,I-ADR,I-ADR,O,O,O,O,O,O,,,,,,,,,,
pred,O,O,O,O,O,O,O,O,O,O,B-ADR,O,B-ADR,O,O,B-ADR,I-ADR,O,O,,,,,,,,,,
skip, , , , , , , , , , , , , , , , , , , ,,,,,,,,,,
word,(triggering),so...,i'm,taking,quetiapine,and,tramadol,pre-cutting.,i'm,allergic,to,tramadol...this,should,be,interesting,#selfharm,,,,,,,,,,,,,
pos,V,P,L,V,N,&,N,N,L,A,P,O,V,V,A,#,,,,,,,,,,,,,
true,O,O,O,O,O,O,O,B-ADR,O,O,O,O,O,O,O,B-ADR,,,,,,,,,,,,,
pred,O,O,O,O,O,O,O,O,O,B-ADR,O,O,B-ADR,O,O,O,,,,,,,,,,,,,
skip, , , , , , , , , , , , , , , , ,,,,,,,,,,,,,
word,does,fluoxetine,(anti-depressant),make,you,gain,weight?,id,rather,be,sad,then,be,fat,:c,,,,,,,,,,,,,,
pos,V,^,^,V,O,V,N,L,R,V,A,R,V,A,N,,,,,,,,,,,,,,
true,O,O,O,O,O,B-ADR,I-ADR,O,O,O,B-ADR,O,O,O,O,,,,,,,,,,,,,,
pred,O,O,O,O,O,B-ADR,O,O,O,O,O,O,O,B-ADR,O,,,,,,,,,,,,,,
skip, , , , , , , , , , , , , , , ,,,,,,,,,,,,,,
word,you,guys,are,going,to,have,to,hear,about,my,withdrawal,from,paxil.,unfollow,while,you,have,the,chance!!!,day,one....,,,,,,,,
pos,O,N,V,V,P,V,P,V,P,D,N,P,^,N,P,O,V,D,N,N,$,,,,,,,,
true,O,O,O,O,O,O,O,O,O,O,B-ADR,O,O,O,O,O,O,O,O,O,O,,,,,,,,
pred,O,O,O,O,O,O,O,B-ADR,O,O,B-ADR,O,O,O,O,O,O,O,B-ADR,O,O,,,,,,,,
skip, , , , , , , , , , , , , , , , , , , , , ,,,,,,,,
word,hey,guys,don't,forget,to,refill,your,paxil,for,like,six,days,because,the,withdrawal,is,like,heroin.,literally.,,,,,,,,,,
pos,!,N,V,V,P,V,D,^,P,A,$,N,P,D,N,V,P,N,R,,,,,,,,,,
true,O,O,O,O,O,O,O,O,O,O,O,O,O,O,B-ADR,O,O,O,O,,,,,,,,,,
pred,O,O,O,O,O,O,O,O,O,O,O,O,O,O,B-ADR,O,I-ADR,O,O,,,,,,,,,,
skip, , , , , , , , , , , , , , , , , , , ,,,,,,,,,,
word,@url,consider,yourself,lucky,if,all,it,does,is,make,you,dizzy,and,sick!,cipro,crippled,me,and,countless,others.,,,,,,,,,
pos,@,V,O,A,P,X,O,V,V,V,O,A,&,A,N,V,O,&,A,N,,,,,,,,,
true,O,O,O,O,O,O,O,O,O,O,O,B-ADR,O,B-ADR,O,O,O,O,O,O,,,,,,,,,
pred,O,O,O,O,O,O,O,O,O,O,O,B-ADR,O,B-ADR,O,B-ADR,O,O,O,O,,,,,,,,,
skip, , , , , , , , , , , , , , , , , , , , ,,,,,,,,,
word,if,this,fuckin,emt,looks,at,me,one,more,time,hes,gonna,feel,the,wrath,of,my,vyvanse,rage,,,,,,,,,,
pos,P,O,V,^,V,P,O,$,A,N,L,V,V,D,N,P,D,N,N,,,,,,,,,,
true,O,O,O,O,O,O,O,O,O,O,O,O,O,O,O,O,O,O,B-ADR,,,,,,,,,,
pred,O,O,O,O,O,O,O,O,O,O,O,O,O,O,O,O,O,O,B-ADR,,,,,,,,,,
skip, , , , , , , , , , , , , , , , , , , ,,,,,,,,,,
word,i,need,more,medication,than,this.?my,body,is,already,building,a,tolerance,for,the,prozac,i've,been,taking.,,,,,,,,,,,
pos,O,V,A,N,P,D,N,V,R,V,D,N,P,D,N,L,V,V,,,,,,,,,,,
true,O,O,O,O,O,O,O,O,O,O,O,B-ADR,O,O,O,O,O,O,,,,,,,,,,,
pred,O,O,O,O,O,O,O,O,O,O,O,B-ADR,O,O,O,O,O,O,,,,,,,,,,,
skip, , , , , , , , , , , , , , , , , , ,,,,,,,,,,,
word,woke,up,to,breakfast,in,bed...well,couch,because,i'm,addicted,to,the,new,3d,wifi,tv.,too,bad,i,have,no,appetite.,thanks,cymbalta.,,,,,
pos,V,T,P,N,P,N,N,P,L,A,P,D,A,N,N,N,R,A,O,V,D,N,N,N,,,,,
true,O,O,O,O,O,O,O,O,O,O,O,O,O,O,O,O,O,O,O,O,B-ADR,I-ADR,O,O,,,,,
pred,O,O,O,O,O,O,O,O,O,B-ADR,O,O,O,O,O,O,O,O,O,O,B-ADR,I-ADR,O,O,,,,,
skip, , , , , , , , , , , , , , , , , , , , , , , , ,,,,,
word,didnt,take,my,vyvanse,and,remembered,what,food,is,#firstworldproblems,@url,,,,,,,,,,,,,,,,,,
pos,V,V,D,N,&,V,O,N,V,#,@,,,,,,,,,,,,,,,,,,
true,O,O,O,O,O,B-ADR,I-ADR,I-ADR,I-ADR,O,O,,,,,,,,,,,,,,,,,,
pred,O,O,O,O,O,B-ADR,O,B-ADR,O,B-ADR,O,,,,,,,,,,,,,,,,,,
skip, , , , , , , , , , , ,,,,,,,,,,,,,,,,,,
word,i,don't,like,taking,seroquel,at,night.,makes,me,crabby,the,whole,time,the,following,day.,something,about,feeling,sluggish,and,groggy.,aargh.,,,,,,
pos,O,V,V,V,N,P,N,V,O,A,D,A,N,D,N,N,N,P,V,A,&,A,!,,,,,,
true,O,O,O,O,O,O,O,O,O,B-ADR,O,O,O,O,O,O,O,O,O,B-ADR,I-ADR,I-ADR,O,,,,,,
pred,O,O,O,O,O,O,O,O,O,O,O,O,O,O,O,O,O,O,O,B-ADR,O,O,O,,,,,,
skip, , , , , , , , , , , , , , , , , , , , , , , ,,,,,,
word,@url,@url,all,the,things,i,have,just,make,me,sleepy,as,hell:,"cymbalta,","klonopin,",ambien.,wait,what,if,i,take,em,all,togethhssaagg,,,,,
pos,@,@,X,D,N,O,V,R,V,O,A,P,N,N,N,N,V,O,P,O,V,O,D,N,,,,,
true,O,O,O,O,O,O,O,O,O,O,B-ADR,O,O,O,O,O,O,O,O,O,O,O,O,O,,,,,
pred,O,O,O,O,O,O,O,O,O,O,B-ADR,O,O,O,O,O,O,O,O,O,O,O,O,O,,,,,
skip, , , , , , , , , , , , , , , , , , , , , , , , ,,,,,
word,rt,@url:,@url,didnt,know,lamotrigine,was,addictive,stopped,as,didnt,think,were,helping,@url,3,days,of,hell,before,realizedà,,,,,,,,
pos,~,N,@,V,V,^,V,A,V,P,V,V,V,V,@,$,N,P,N,P,N,,,,,,,,
true,O,O,O,O,O,O,O,B-ADR,O,O,O,O,O,O,O,B-ADR,I-ADR,I-ADR,I-ADR,O,O,,,,,,,,
pred,O,O,O,O,O,O,O,O,O,O,O,O,O,O,O,O,B-ADR,I-ADR,I-ADR,O,O,,,,,,,,
skip, , , , , , , , , , , , , , , , , , , , , ,,,,,,,,
word,@url,i,had,been,blaming,my,dizziness,upon,standing,to,my,menopause,but,now,on,hrt,&,no,more,flashes,so,looked,at,cymbalta,side,effs,,,
pos,@,O,V,V,V,D,N,P,V,P,D,N,&,R,P,^,&,R,A,N,P,V,P,^,N,V,,,
true,O,O,O,O,O,O,B-ADR,O,O,O,O,O,O,O,O,O,O,O,O,O,O,O,O,O,O,O,,,
pred,O,O,O,O,O,O,O,O,O,O,O,O,O,O,O,O,O,O,O,B-ADR,O,O,O,O,O,O,,,
skip, , , , , , , , , , , , , , , , , , , , , , , , , , ,,,
word,effexor,dreams,d:,,,,,,,,,,,,,,,,,,,,,,,,,,
pos,G,N,E,,,,,,,,,,,,,,,,,,,,,,,,,,
true,O,B-ADR,O,,,,,,,,,,,,,,,,,,,,,,,,,,
pred,B-ADR,I-ADR,I-ADR,,,,,,,,,,,,,,,,,,,,,,,,,,
skip, , , ,,,,,,,,,,,,,,,,,,,,,,,,,,
word,@url,sometimes,it,never,ends.,so,sorry.,topomax,is,miserable,with,"parasthesia,",cognitive,"problems,",kidney,stones.,lamictal's,good,,,,,,,,,,,
pos,@,R,O,R,V,R,A,N,V,A,P,^,A,N,N,N,UNK,A,,,,,,,,,,,
true,O,O,O,O,O,O,O,O,O,O,O,O,B-ADR,I-ADR,I-ADR,I-ADR,O,O,,,,,,,,,,,
pred,O,O,O,O,O,O,O,O,O,O,O,O,B-ADR,I-ADR,I-ADR,I-ADR,O,O,,,,,,,,,,,
skip, , , , , , , , , , , , , , , , , , ,,,,,,,,,,,
word,it,feels,like,my,brain,is,melting.,360mg,of,vyvanse,in,24,hours...,not,smart,danielle.,not,smart.,,,,,,,,,,,
pos,O,V,P,D,N,V,A,N,P,^,P,$,N,R,A,^,R,A,,,,,,,,,,,
true,O,O,O,O,B-ADR,I-ADR,I-ADR,O,O,O,O,O,O,O,O,O,O,O,,,,,,,,,,,
pred,O,B-ADR,I-ADR,I-ADR,I-ADR,O,O,O,O,O,O,O,O,O,O,O,O,O,,,,,,,,,,,
skip, , , , , , , , , , , , , , , , , , ,,,,,,,,,,,
word,@url,i,had,itchy,skin,at,night,on,"venlafaxine,",i,react,badly,to,insect,bites,too.,,,,,,,,,,,,,
pos,@,O,V,A,N,P,N,P,N,O,V,R,P,V,V,R,,,,,,,,,,,,,
true,O,O,O,B-ADR,I-ADR,O,O,O,O,O,O,O,O,O,O,O,,,,,,,,,,,,,
pred,O,O,O,O,B-ADR,O,I-ADR,O,O,O,O,O,O,O,O,O,,,,,,,,,,,,,
skip, , , , , , , , , , , , , , , , ,,,,,,,,,,,,,
word,@url,the,only,pt,of,mine,who,ever,died,was,one,age,21,profound,autism,chronic,underwt,&,gi,"issues,",given,lots,of,cipro.,terrible,,,,
pos,@,D,A,N,P,O,O,R,V,V,$,N,$,A,N,N,N,&,^,N,V,N,P,N,A,,,,
true,O,O,O,O,O,O,O,O,B-ADR,O,O,O,O,O,O,O,O,O,O,O,O,O,O,O,O,,,,
pred,O,O,O,O,O,O,O,O,O,O,O,O,O,O,O,O,O,O,O,O,O,B-ADR,O,O,O,,,,
skip, , , , , , , , , , , , , , , , , , , , , , , , , ,,,,
word,effexor,withdrawal.,,,,,,,,,,,,,,,,,,,,,,,,,,,
pos,G,N,,,,,,,,,,,,,,,,,,,,,,,,,,,
true,O,B-ADR,,,,,,,,,,,,,,,,,,,,,,,,,,,
pred,O,B-ADR,,,,,,,,,,,,,,,,,,,,,,,,,,,
skip, , ,,,,,,,,,,,,,,,,,,,,,,,,,,,
word,@url,@url,re,victoza,i,was,prescribed,this,in,2010,for,obesity.,caused,pancreatitis,and,digestive,problems,ever,since,,,,,,,,,,
pos,@,@,N,N,O,V,V,O,P,$,P,N,V,N,&,A,N,R,P,,,,,,,,,,
true,O,O,O,O,O,O,O,O,O,O,O,B-ADR,O,O,O,B-ADR,I-ADR,O,O,,,,,,,,,,
pred,O,O,O,O,O,O,O,O,O,O,O,O,O,B-ADR,O,B-ADR,I-ADR,O,O,,,,,,,,,,
skip, , , , , , , , , , , , , , , , , , , ,,,,,,,,,,
word,i'm,so,fine,today.,increasing,"zyprexa,my",condisition,became,so,good.,it,has,a,side,effect,that,increase,my,weight.,i,must,care,about,it.,,,,,
pos,L,R,A,N,V,N,N,V,R,A,O,V,D,N,V,D,V,D,N,O,V,V,P,O,,,,,
true,O,O,O,O,O,O,O,O,O,O,O,O,O,O,O,O,B-ADR,I-ADR,I-ADR,O,O,O,O,O,,,,,
pred,O,O,O,O,O,O,O,O,O,O,O,O,O,O,O,O,B-ADR,I-ADR,I-ADR,O,O,O,O,O,,,,,
skip, , , , , , , , , , , , , , , , , , , , , , , , ,,,,,
word,is,anyone,on,an,antipsychotic,they,can,actually,tolerate?,i,can,tolerate,a,low,dose,of,olanzapine,7.5mg,,,,,,,,,,,
pos,V,N,P,D,N,O,V,R,V,O,V,V,D,A,N,P,^,$,,,,,,,,,,,
true,O,O,O,O,B-ADR,O,O,O,O,O,O,O,O,O,O,O,O,O,,,,,,,,,,,
pred,O,O,O,O,B-ADR,O,O,O,O,O,O,O,O,O,O,O,O,O,,,,,,,,,,,
skip, , , , , , , , , , , , , , , , , , ,,,,,,,,,,,
word,@url,me,too.,major,fatness,since,i,started,on,the,"fabulous,","non-soporific,",weight-gaining,quetiapine.,it,has,to,go,or,i,will,die.,,,,,,,
pos,@,O,R,A,N,P,O,V,P,D,A,N,N,V,O,V,P,V,&,O,V,V,,,,,,,
true,O,O,O,O,B-ADR,O,O,O,O,O,O,O,B-ADR,O,O,O,O,O,O,O,O,O,,,,,,,
pred,O,O,O,O,O,O,O,O,O,O,O,O,O,O,O,O,O,O,O,O,O,O,,,,,,,
skip, , , , , , , , , , , , , , , , , , , , , , ,,,,,,,
word,i,took,my,seroquel,over,an,hour,ago,hoping,it'd,make,me,fall,asleep,but,i'm,still,up,,,,,,,,,,,
pos,O,V,D,N,P,D,N,R,V,L,V,O,V,R,&,L,R,R,,,,,,,,,,,
true,O,O,O,O,O,O,O,O,O,O,O,O,B-ADR,I-ADR,O,O,O,O,,,,,,,,,,,
pred,O,O,O,O,O,O,O,O,O,O,B-ADR,O,B-ADR,I-ADR,O,O,O,O,,,,,,,,,,,
skip, , , , , , , , , , , , , , , , , , ,,,,,,,,,,,
word,rivaroxaban,diary,day,22.,am,beginning,to,think,all,pains,from,pressure,on,that,part,of,body,are,due,to,fluid,retention.,,,,,,,
pos,^,N,N,$,V,V,P,V,D,N,P,N,P,D,N,P,N,V,A,P,N,N,,,,,,,
true,O,O,O,O,O,O,O,O,O,B-ADR,O,O,O,O,O,O,O,O,O,O,B-ADR,I-ADR,,,,,,,
pred,O,O,O,O,O,O,O,O,O,B-ADR,O,O,O,O,O,O,O,O,O,O,O,O,,,,,,,
skip, , , , , , , , , , , , , , , , , , , , , , ,,,,,,,
word,i,finally,got,approved,for,my,humira,shot,this,week!!!,and,i,got,my,electric,wheelchair,coming,by,the,15th,of,july!,#fightingra,,,,,,
pos,O,R,V,V,P,D,^,N,D,N,&,O,V,D,N,N,V,P,D,$,P,^,#,,,,,,
true,O,O,O,O,O,O,B-ADR,O,O,O,O,O,O,O,O,O,O,O,O,O,O,O,O,,,,,,
pred,O,O,O,O,O,O,B-ADR,O,O,O,O,O,O,O,O,O,O,O,O,O,O,O,O,,,,,,
skip, , , , , , , , , , , , , , , , , , , , , , , ,,,,,,
word,end,of,day,2,-much,better,but,still,upping,dosage,-lets,hope,for,more,movement,tomor!,#newmeds,#meantalhealth,#bipolar,#quetiapine,,,,,,,,,
pos,N,P,N,$,R,A,&,R,V,N,V,V,P,A,N,N,#,#,#,#,,,,,,,,,
true,O,O,O,O,O,O,O,O,O,O,O,O,O,O,O,O,O,O,B-ADR,O,,,,,,,,,
pred,O,O,O,O,O,O,O,O,O,O,O,O,O,O,O,O,O,O,B-ADR,O,,,,,,,,,
skip, , , , , , , , , , , , , , , , , , , , ,,,,,,,,,
word,@url,i'm,reducing,duloxitine,(been,on,6,yr),and,slowly,increasing,m,but,slept,13-14,hrs,solid,and,still,feel,wasted,,,,,,,,
pos,@,L,V,N,V,P,$,N,&,R,V,V,&,V,$,N,A,&,R,V,V,,,,,,,,
true,O,O,O,O,O,O,O,O,O,O,O,O,O,B-ADR,I-ADR,I-ADR,O,O,O,B-ADR,I-ADR,,,,,,,,
pred,O,O,O,O,O,O,O,O,O,O,O,O,O,O,O,I-ADR,O,O,O,O,O,,,,,,,,
skip, , , , , , , , , , , , , , , , , , , , , ,,,,,,,,
word,@url,smh.,lmao,paxil,was,my,"first,",i,just,stopped,effexor,(the,headaches,were,a,nightmare),,,,,,,,,,,,,
pos,@,G,!,^,V,D,A,O,R,V,G,D,N,V,D,N,,,,,,,,,,,,,
true,O,O,O,O,O,O,O,O,O,O,B-ADR,O,B-ADR,O,O,O,,,,,,,,,,,,,
pred,O,O,O,O,O,O,O,O,O,O,B-ADR,O,B-ADR,O,O,O,,,,,,,,,,,,,
skip, , , , , , , , , , , , , , , , ,,,,,,,,,,,,,
word,vyvanse,completely,fucks,up,my,sleep,smh,but,i,need,it,to,study,too,,,,,,,,,,,,,,,
pos,^,R,V,T,D,N,G,&,O,V,O,P,N,R,,,,,,,,,,,,,,,
true,O,O,B-ADR,I-ADR,I-ADR,I-ADR,O,O,O,O,O,O,O,O,,,,,,,,,,,,,,,
pred,O,O,O,O,O,B-ADR,I-ADR,O,O,O,O,O,O,O,,,,,,,,,,,,,,,
skip, , , , , , , , , , , , , , ,,,,,,,,,,,,,,,
word,takin,anbien,&seroquel,for,bad,insomnia,gives,u,messed,up,dreams,doc,saids,its,normal,,,,,,,,,,,,,,
pos,V,^,^,P,A,N,V,O,V,T,N,N,V,L,A,,,,,,,,,,,,,,
true,O,O,O,O,O,B-ADR,O,O,B-ADR,I-ADR,I-ADR,O,O,O,O,,,,,,,,,,,,,,
pred,O,O,O,O,O,O,O,O,B-ADR,I-ADR,I-ADR,O,O,O,O,,,,,,,,,,,,,,
skip, , , , , , , , , , , , , , , ,,,,,,,,,,,,,,
word,i,have,a,lozenge,i,cant,feel,my,throat,,,,,,,,,,,,,,,,,,,,
pos,O,V,D,N,O,V,V,D,N,,,,,,,,,,,,,,,,,,,,
true,O,O,O,O,O,B-ADR,I-ADR,I-ADR,I-ADR,,,,,,,,,,,,,,,,,,,,
pred,O,O,O,O,O,O,B-ADR,I-ADR,I-ADR,,,,,,,,,,,,,,,,,,,,
skip, , , , , , , , , ,,,,,,,,,,,,,,,,,,,,
word,the,nicotine,beast,has,me,firmly,gripped,in,it's,gnarled,yellow,claw.,#resistanceisfutile,,,,,,,,,,,,,,,,
pos,D,N,N,V,O,R,V,P,L,A,A,N,#,,,,,,,,,,,,,,,,
true,O,B-ADR,I-ADR,I-ADR,I-ADR,I-ADR,I-ADR,I-ADR,I-ADR,I-ADR,I-ADR,I-ADR,O,,,,,,,,,,,,,,,,
pred,O,O,O,O,O,O,O,O,O,O,O,O,O,,,,,,,,,,,,,,,,
skip, , , , , , , , , , , , , ,,,,,,,,,,,,,,,,
word,can't,"sleep,",but,i'm,afraid,that,the,muscle,tremors,keep,me,awake,even,worse,if,i,take,promethazine,in,combination,with,fluoxetine...,,,,,,,
pos,V,V,&,L,A,P,D,N,N,V,O,A,R,A,P,O,V,N,P,N,P,^,,,,,,,
true,B-ADR,I-ADR,O,O,O,O,O,O,O,O,O,O,O,O,O,O,O,O,O,B-ADR,O,O,,,,,,,
pred,O,O,O,O,O,O,O,O,B-ADR,O,O,B-ADR,O,O,O,O,O,O,O,O,O,O,,,,,,,
skip, , , , , , , , , , , , , , , , , , , , , , ,,,,,,,
word,vyvanse,at,7pm,probably,wasn't,a,great,idea..,i,can't,sleeeep,-__-,,,,,,,,,,,,,,,,,
pos,N,P,$,R,V,D,A,N,O,V,V,E,,,,,,,,,,,,,,,,,
true,O,O,O,O,O,O,O,O,O,B-ADR,I-ADR,O,,,,,,,,,,,,,,,,,
pred,O,O,O,O,O,O,O,O,O,B-ADR,I-ADR,O,,,,,,,,,,,,,,,,,
skip, , , , , , , , , , , , ,,,,,,,,,,,,,,,,,
word,@url,meds,work,differently,for,each,person.,i,know,seroquel,xr,was,hell,for,me,&,i,gained,weight,but,can,be,heaven,for,another,,,,
pos,@,N,N,R,P,D,N,O,V,^,^,V,N,P,O,&,O,V,N,&,V,V,^,P,D,,,,
true,O,O,O,O,O,O,O,O,O,O,O,O,O,O,O,O,O,B-ADR,I-ADR,O,O,O,O,O,O,,,,
pred,O,O,O,O,O,O,O,O,O,O,O,O,O,O,O,O,O,B-ADR,I-ADR,O,O,O,O,O,O,,,,
skip, , , , , , , , , , , , , , , , , , , , , , , , , ,,,,
word,rt,@url:,i,don't,know,whether,my,vyvanse,caused,my,caffeine,addiction,or,caffeine,caused,my,vyvanse,addiction.,,,,,,,,,,,
pos,~,N,O,V,V,P,D,N,V,D,N,N,&,N,V,D,N,N,,,,,,,,,,,
true,O,O,O,O,O,O,O,O,O,O,O,B-ADR,O,O,O,O,O,O,,,,,,,,,,,
pred,O,O,O,O,O,O,O,O,O,O,O,B-ADR,O,O,O,O,O,O,,,,,,,,,,,
skip, , , , , , , , , , , , , , , , , , ,,,,,,,,,,,
word,@url,but,i,switched,to,trazodone,...,i,was,doing,some,crazy,ish,on,ambien,smh,not,good,lol,,,,,,,,,,
pos,@,&,O,V,P,V,",",O,V,V,D,A,N,P,^,G,R,A,!,,,,,,,,,,
true,O,O,O,O,O,O,O,O,O,O,O,B-ADR,I-ADR,O,B-ADR,O,O,O,O,,,,,,,,,,
pred,O,O,O,O,O,O,O,O,O,O,O,B-ADR,I-ADR,O,O,O,O,O,O,,,,,,,,,,
skip, , , , , , , , , , , , , , , , , , , ,,,,,,,,,,
word,@url,trazodone,but,you,might,have,troubles,waking,up,in,the,morning.,1/2,tablet,is,enough,for,a,night,i,could,give,you,10,for,10$?,,,
pos,@,^,&,O,V,V,N,V,T,P,D,N,$,N,V,R,P,D,N,O,V,V,O,$,P,$,,,
true,O,O,O,O,O,O,B-ADR,I-ADR,I-ADR,O,O,O,O,O,O,O,O,O,O,O,O,O,O,O,O,O,,,
pred,O,O,O,O,O,O,O,O,O,O,O,O,O,O,O,O,O,O,O,O,O,O,O,O,O,O,,,
skip, , , , , , , , , , , , , , , , , , , , , , , , , , ,,,
word,"ok,",i'm,pretty,sure,that,missing,2,doses,of,fluoxetine,(pure,disorderliness/schedule,fail),was,responsible,for,my,joint,pain.,,,,,,,,,,
pos,!,L,R,A,P,V,$,N,P,^,A,N,V,V,A,P,D,N,N,,,,,,,,,,
true,O,O,O,O,O,O,O,O,O,O,O,O,O,O,O,O,O,B-ADR,I-ADR,,,,,,,,,,
pred,O,O,O,O,O,O,O,O,O,O,O,O,O,O,O,O,O,B-ADR,I-ADR,,,,,,,,,,
skip, , , , , , , , , , , , , , , , , , , ,,,,,,,,,,
word,my,seroquel,this,morning,got,me,lethargic,,,,,,,,,,,,,,,,,,,,,,
pos,D,N,D,N,V,O,A,,,,,,,,,,,,,,,,,,,,,,
true,O,O,O,O,O,O,B-ADR,,,,,,,,,,,,,,,,,,,,,,
pred,O,O,O,O,O,O,B-ADR,,,,,,,,,,,,,,,,,,,,,,
skip, , , , , , , ,,,,,,,,,,,,,,,,,,,,,,
word,out,of,the,house,by,8,am,on,a,non-work,day.,#antidepressants,#testify,#pristiq,,,,,,,,,,,,,,,
pos,P,P,D,N,P,$,V,P,D,A,N,N,V,#,,,,,,,,,,,,,,,
true,O,O,O,O,O,O,O,O,O,O,O,B-ADR,O,O,,,,,,,,,,,,,,,
pred,O,O,O,O,O,O,O,O,O,O,O,B-ADR,O,O,,,,,,,,,,,,,,,
skip, , , , , , , , , , , , , , ,,,,,,,,,,,,,,,
word,i'd,rather,be,on,the,effexor,that,made,me,happy,though,i,had,severe,back,pain,from,it..,than,sad,and,crying,for,no,reason,on,lexapro....,,
pos,L,R,V,P,D,N,P,V,O,A,P,O,V,A,N,N,P,O,P,A,&,V,P,D,N,P,^,,
true,O,O,O,O,O,O,O,O,O,O,O,O,O,O,B-ADR,I-ADR,O,O,O,O,O,B-ADR,O,O,O,O,O,,
pred,O,O,O,O,O,O,O,O,O,O,O,O,O,O,B-ADR,I-ADR,O,O,O,B-ADR,O,O,O,O,O,O,O,,
skip, , , , , , , , , , , , , , , , , , , , , , , , , , , ,,
word,i,can't,take,this:(,i,thought,having,seroquel,would,make,it,easier,but,nope.,my,whole,body,feels,like,i,have,raw,nerve,endings,going,crazy,,,
pos,O,V,V,D,O,V,V,^,V,V,O,A,&,!,D,A,N,V,P,O,V,A,N,N,V,A,,,
true,O,O,O,O,O,O,O,O,O,O,O,O,O,O,O,O,O,B-ADR,I-ADR,I-ADR,I-ADR,I-ADR,I-ADR,I-ADR,O,O,,,
pred,O,O,O,O,O,O,O,O,O,O,O,B-ADR,O,O,O,O,O,B-ADR,O,O,O,O,B-ADR,I-ADR,I-ADR,I-ADR,,,
skip, , , , , , , , , , , , , , , , , , , , , , , , , , ,,,
word,"oh,",what,a,great,idea,watching,gordan,ramsay,cook,at,4am,when,i'm,hungry,from,my,seroquel.,,,,,,,,,,,,
pos,!,O,D,A,N,V,^,^,V,P,$,R,L,A,P,D,N,,,,,,,,,,,,
true,O,O,O,O,O,O,O,O,O,O,O,O,O,B-ADR,O,O,O,,,,,,,,,,,,
pred,O,O,O,O,O,O,O,B-ADR,O,O,O,O,O,O,O,O,O,,,,,,,,,,,,
skip, , , , , , , , , , , , , , , , , ,,,,,,,,,,,,
word,@url,"oof,",sympathies.,i,had,a,raging,cipro,headache,last,week.,,,,,,,,,,,,,,,,,,
pos,@,!,N,O,V,D,A,N,N,A,N,,,,,,,,,,,,,,,,,,
true,O,O,O,O,O,O,O,O,B-ADR,O,O,,,,,,,,,,,,,,,,,,
pred,O,O,O,O,O,O,B-ADR,O,B-ADR,I-ADR,O,,,,,,,,,,,,,,,,,,
skip, , , , , , , , , , , ,,,,,,,,,,,,,,,,,,
word,@url,am,on,300mg,quetiapine.,mainly,tiredness,it,causes,with,me.,,,,,,,,,,,,,,,,,,
pos,@,V,P,^,^,R,N,O,V,P,O,,,,,,,,,,,,,,,,,,
true,O,O,O,O,O,O,B-ADR,O,O,O,O,,,,,,,,,,,,,,,,,,
pred,O,O,O,O,O,O,O,O,O,O,O,,,,,,,,,,,,,,,,,,
skip, , , , , , , , , , , ,,,,,,,,,,,,,,,,,,
word,@url,i,might,go,back,on,the,venlafaxine,&,give,it,another,chance,but,it,was,wrecking,my,sleep,:(,x,,,,,,,,
pos,@,O,V,V,R,P,D,N,&,V,O,D,N,&,O,V,V,D,N,E,E,,,,,,,,
true,O,O,O,O,O,O,O,O,O,O,O,O,O,O,O,O,B-ADR,I-ADR,I-ADR,O,O,,,,,,,,
pred,O,O,O,O,O,O,O,O,O,O,O,O,O,O,O,O,B-ADR,O,O,O,O,,,,,,,,
skip, , , , , , , , , , , , , , , , , , , , , ,,,,,,,,
word,seriously,if,you,are,getting,off,cymbalta,tape,alot,if,movies,i,was,up,till,4,and,feel,and,look,like,a,zombie,just,to,tired,to,growl,!!!
pos,R,P,O,V,V,T,N,N,N,P,N,O,V,T,P,$,&,V,&,V,P,D,N,R,P,V,P,V,","
true,O,O,O,O,O,O,O,O,O,O,O,O,O,B-ADR,I-ADR,I-ADR,O,O,O,O,O,O,B-ADR,O,O,O,O,O,O
pred,O,O,O,O,O,O,O,O,O,O,O,O,O,O,O,O,O,O,O,O,O,O,B-ADR,O,O,B-ADR,O,O,O
skip, , , , , , , , , , , , , , , , , , , , , , , , , , , , , 
word,i,can't,handle,anything,right,now,i'm,so,emotionally,unstable,i,need,fluoxetine,asap,,,,,,,,,,,,,,,
pos,O,V,V,N,R,R,L,R,R,A,O,V,N,N,,,,,,,,,,,,,,,
true,O,O,O,O,O,O,O,O,B-ADR,I-ADR,O,O,O,O,,,,,,,,,,,,,,,
pred,O,O,O,O,O,O,O,O,B-ADR,I-ADR,O,O,O,O,,,,,,,,,,,,,,,
skip, , , , , , , , , , , , , , ,,,,,,,,,,,,,,,
word,results,of,accidentally,taking,100,mg,of,vyvanse,last,night:,i,took,it,at,11:00am,and,was,wide,awake,until,3:30,this,morning..,,,,,,
pos,N,P,R,V,$,N,P,^,A,N,O,V,O,P,$,&,V,A,A,P,$,D,N,,,,,,
true,O,O,O,O,O,O,O,O,O,O,O,O,O,O,O,O,O,B-ADR,I-ADR,O,O,O,O,,,,,,
pred,O,O,O,O,O,O,O,O,O,O,O,O,O,O,O,O,O,O,B-ADR,O,O,O,O,,,,,,
skip, , , , , , , , , , , , , , , , , , , , , , , ,,,,,,
word,anyone,taking,lamotrigine,suffer,with,headaches,weeks,after,starting,the,med?,,,,,,,,,,,,,,,,,,
pos,N,V,N,V,P,N,N,P,V,D,N,,,,,,,,,,,,,,,,,,
true,O,O,O,O,O,B-ADR,O,O,O,O,O,,,,,,,,,,,,,,,,,,
pred,O,O,O,O,O,B-ADR,O,O,O,O,O,,,,,,,,,,,,,,,,,,
skip, , , , , , , , , , , ,,,,,,,,,,,,,,,,,,
word,@url,@url,comedown,is,hell.,when,i,went,cold,turkey,from,effexor,it,was,about,two,weeks,before,the,zap,noises,stopped,,,,,,,
pos,@,@,N,V,N,R,O,V,A,N,P,^,O,V,P,$,N,P,D,N,N,V,,,,,,,
true,O,O,B-ADR,I-ADR,I-ADR,O,O,O,O,O,O,O,O,O,O,O,O,O,O,B-ADR,I-ADR,O,,,,,,,
pred,O,O,O,O,O,O,O,O,O,O,O,O,O,O,O,O,O,O,O,O,O,O,,,,,,,
skip, , , , , , , , , , , , , , , , , , , , , , ,,,,,,,
word,things,which,are,the,spawn,of,satin:,"mosquitoes,","bananas,","facebook,",paxil,withdrawal,symptoms.,#bewareofsatin,,,,,,,,,,,,,,,
pos,N,D,V,D,N,P,N,N,N,^,^,N,N,#,,,,,,,,,,,,,,,
true,O,O,O,O,O,O,O,O,O,O,O,B-ADR,O,O,,,,,,,,,,,,,,,
pred,O,O,O,O,O,O,O,O,O,O,O,B-ADR,O,O,,,,,,,,,,,,,,,
skip, , , , , , , , , , , , , , ,,,,,,,,,,,,,,,
word,my,breath,smells,awful,(thanks,vyvanse),anyone,have,gum,,,,,,,,,,,,,,,,,,,,
pos,D,N,V,A,N,V,N,V,N,,,,,,,,,,,,,,,,,,,,
true,O,B-ADR,I-ADR,O,O,O,O,O,O,,,,,,,,,,,,,,,,,,,,
pred,O,B-ADR,O,O,O,O,O,O,O,,,,,,,,,,,,,,,,,,,,
skip, , , , , , , , , ,,,,,,,,,,,,,,,,,,,,
word,@url,well,no.,but,it's,just,that,i,dropped,my,quetiapine,last,night.,i,slept,horribly!,but,i,feel,v,unfoggy...,,,,,,,,
pos,@,!,!,&,L,R,P,O,V,D,A,A,N,O,V,R,&,O,V,P,~,,,,,,,,
true,O,O,O,O,O,O,O,O,O,O,O,O,O,O,B-ADR,I-ADR,O,O,O,O,O,,,,,,,,
pred,O,O,O,O,O,O,O,O,O,O,O,O,O,O,B-ADR,O,O,O,O,O,O,,,,,,,,
skip, , , , , , , , , , , , , , , , , , , , , ,,,,,,,,
word,@url,thats,the,prob,with,zyprexa,its,for,ppl,with,bi-polar,or,schizophrenia,its,really,strong,when,you,wake,up,your,drowsy,for,6,hrs,,,,
pos,@,L,D,N,P,N,L,P,N,P,A,&,N,L,R,A,R,O,V,T,D,A,P,$,N,,,,
true,O,O,O,O,O,O,O,O,O,O,B-ADR,O,O,O,O,O,O,O,O,O,O,B-ADR,O,O,O,,,,
pred,O,O,O,O,O,O,O,O,O,O,O,O,B-ADR,O,O,O,O,O,O,O,O,B-ADR,I-ADR,I-ADR,I-ADR,,,,
skip, , , , , , , , , , , , , , , , , , , , , , , , , ,,,,
word,playing,league,while,on,vyvanse,is,too,damn,stressful.,back,to,public,i,go!,,,,,,,,,,,,,,,
pos,V,N,P,P,^,V,R,R,A,N,P,A,O,V,,,,,,,,,,,,,,,
true,O,O,O,O,O,O,O,O,B-ADR,O,O,O,O,O,,,,,,,,,,,,,,,
pred,O,O,O,O,O,O,O,O,B-ADR,O,O,O,O,O,,,,,,,,,,,,,,,
skip, , , , , , , , , , , , , , ,,,,,,,,,,,,,,,
word,since,quetiapine's,messed,with,my,prolactin,"levels,",making,my,boobs,humungous,&,my,bras,so,"expensive,",i,want,a,lingerie,component,to,dla.,,,,,,
pos,P,UNK,V,P,D,N,N,V,D,N,N,&,D,N,R,A,O,V,D,N,N,P,^,,,,,,
true,O,O,O,O,O,B-ADR,O,O,O,B-ADR,I-ADR,O,O,O,O,O,O,O,O,O,O,O,O,,,,,,
pred,O,O,O,O,O,B-ADR,I-ADR,O,O,B-ADR,I-ADR,O,O,O,O,O,O,O,O,O,O,O,O,,,,,,
skip, , , , , , , , , , , , , , , , , , , , , , , ,,,,,,
word,i,can't,secretly,try,and,come,off,my,olanzapine,as,my,cpn,and,psychiatrist,will,notice,the,weight,loss!,,,,,,,,,,
pos,O,V,R,V,&,V,T,D,N,P,D,N,&,N,V,V,D,N,N,,,,,,,,,,
true,O,O,O,O,O,O,O,O,O,O,O,O,O,O,O,O,O,B-ADR,O,,,,,,,,,,
pred,O,O,O,O,O,O,O,O,O,O,O,O,O,O,O,B-ADR,O,B-ADR,I-ADR,,,,,,,,,,
skip, , , , , , , , , , , , , , , , , , , ,,,,,,,,,,
word,what,to,do?,not,looking,forward,to,cold,turkey,withdrawals,from,pristiq...,sense,of,impending,doom.,anxiety,only,makes,the,situation,worse.,,,,,,,
pos,O,P,V,R,V,R,P,A,N,N,P,^,N,P,A,N,N,R,V,D,N,A,,,,,,,
true,O,O,O,O,O,O,O,O,O,B-ADR,O,O,O,O,O,O,O,O,O,O,O,O,,,,,,,
pred,O,O,O,O,O,O,O,O,O,B-ADR,O,O,O,O,O,O,B-ADR,O,O,O,O,O,,,,,,,
skip, , , , , , , , , , , , , , , , , , , , , , ,,,,,,,
word,@url,"what,",antidepressants?,i'm,on,fluoxetine,(prozac),right,"now,",why?xx,,,,,,,,,,,,,,,,,,,
pos,@,O,N,L,P,^,^,R,R,R,,,,,,,,,,,,,,,,,,,
true,O,O,B-ADR,O,O,O,O,O,O,O,,,,,,,,,,,,,,,,,,,
pred,O,O,B-ADR,O,O,O,O,O,O,O,,,,,,,,,,,,,,,,,,,
skip, , , , , , , , , , ,,,,,,,,,,,,,,,,,,,
word,i'm,so,allergic,to,trazodone,but,i,haven't,been,taking,it,so,no,one,believes,me,:::---)))),,,,,,,,,,,,
pos,L,R,A,P,V,&,O,V,V,V,O,P,D,N,V,O,G,,,,,,,,,,,,
true,O,O,B-ADR,O,O,O,O,O,O,O,O,O,O,O,O,O,O,,,,,,,,,,,,
pred,O,O,B-ADR,O,O,O,O,O,O,O,O,O,O,O,O,O,O,,,,,,,,,,,,
skip, , , , , , , , , , , , , , , , , ,,,,,,,,,,,,
word,guess,i'm,allergic,to,cipro...,,,,,,,,,,,,,,,,,,,,,,,,
pos,V,L,A,P,N,,,,,,,,,,,,,,,,,,,,,,,,
true,O,O,B-ADR,O,O,,,,,,,,,,,,,,,,,,,,,,,,
pred,O,O,B-ADR,O,I-ADR,,,,,,,,,,,,,,,,,,,,,,,,
skip, , , , , ,,,,,,,,,,,,,,,,,,,,,,,,
word,that,seroquel,had,me,sleepy,as,fuck,alllll,damn,day,,,,,,,,,,,,,,,,,,,
pos,P,^,V,O,A,P,N,D,A,N,,,,,,,,,,,,,,,,,,,
true,O,O,O,O,B-ADR,O,O,O,O,O,,,,,,,,,,,,,,,,,,,
pred,O,O,O,O,B-ADR,I-ADR,I-ADR,I-ADR,O,O,,,,,,,,,,,,,,,,,,,
skip, , , , , , , , , , ,,,,,,,,,,,,,,,,,,,
word,didnt,take,my,fluoxetine,this,morning,because,i,forgot,and,i've,been,so,shaky,and,tired,all,"day,",is,this,"like,",withdrawal,symptoms?,,,,,,
pos,V,V,D,N,D,N,P,O,V,&,L,V,R,A,&,V,D,N,V,O,P,N,N,,,,,,
true,O,O,O,O,O,O,O,O,O,O,O,O,O,B-ADR,O,B-ADR,O,O,O,O,O,O,O,,,,,,
pred,O,O,O,O,O,O,O,O,O,O,O,O,O,B-ADR,O,O,O,O,O,O,O,B-ADR,O,,,,,,
skip, , , , , , , , , , , , , , , , , , , , , , , ,,,,,,
word,slept,11,hours,last,night,on,seroquel,o.o,,,,,,,,,,,,,,,,,,,,,
pos,V,$,N,A,N,P,^,E,,,,,,,,,,,,,,,,,,,,,
true,B-ADR,I-ADR,I-ADR,O,O,O,O,O,,,,,,,,,,,,,,,,,,,,,
pred,B-ADR,I-ADR,I-ADR,I-ADR,O,O,O,O,,,,,,,,,,,,,,,,,,,,,
skip, , , , , , , , ,,,,,,,,,,,,,,,,,,,,,
word,allergic,reaction,to,#lamotrigine.,feel,free,to,share,&,distribute.,kill,#bigpharma,before,it,kills,us.,http://t.co/sqdtqpucgn,,,,,,,,,,,,
pos,A,N,P,V,V,A,P,V,&,V,V,#,P,O,V,O,U,,,,,,,,,,,,
true,B-ADR,I-ADR,O,O,O,O,O,O,O,O,O,O,O,O,O,O,O,,,,,,,,,,,,
pred,B-ADR,I-ADR,O,O,O,O,O,O,O,O,O,O,O,O,O,O,O,,,,,,,,,,,,
skip, , , , , , , , , , , , , , , , , ,,,,,,,,,,,,
word,i,just,got,a,lozenge.,voice,hasnt',recovered,from,wednesday.,it's,gonna,be,that,kind,of,night.,,,,,,,,,,,,
pos,O,R,V,D,N,N,V,V,P,^,L,V,V,P,N,P,N,,,,,,,,,,,,
true,O,O,O,O,O,B-ADR,O,O,O,O,O,O,O,O,O,O,O,,,,,,,,,,,,
pred,O,O,O,O,O,B-ADR,O,O,O,O,O,O,O,O,O,O,O,,,,,,,,,,,,
skip, , , , , , , , , , , , , , , , , ,,,,,,,,,,,,
word,13.08,day,13,rivaroxaban,diary.,pracetamol,has,taken,away,most,of,the,"aches,",but,still,have,lower,back,ache,and,weak,knees.,,,,,,,
pos,$,N,$,^,N,N,V,V,R,R,P,D,N,&,R,V,A,N,V,&,A,N,,,,,,,
true,O,O,O,O,O,O,O,O,O,O,O,O,B-ADR,O,O,O,B-ADR,I-ADR,I-ADR,O,O,O,,,,,,,
pred,O,O,O,O,O,B-ADR,O,O,O,O,O,O,O,O,O,O,O,B-ADR,I-ADR,O,O,O,,,,,,,
skip, , , , , , , , , , , , , , , , , , , , , , ,,,,,,,
word,does,anyone,happen,to,know,if,lamictal,causes,you,to,feel,hot?,@url,@url,#cantstopsweating,,,,,,,,,,,,,,
pos,V,N,V,P,V,P,A,V,O,P,V,A,@,@,#,,,,,,,,,,,,,,
true,O,O,O,O,O,O,O,O,O,O,B-ADR,I-ADR,O,O,B-ADR,,,,,,,,,,,,,,
pred,O,O,O,O,O,O,O,O,O,O,O,B-ADR,O,O,O,,,,,,,,,,,,,,
skip, , , , , , , , , , , , , , , ,,,,,,,,,,,,,,
word,@url,quetiapine.,very,low,dose,even,with,increase.,helps,me,get,to,sleep,(&,eat,in,general),but,feel,really,groggy,in,the,morning,,,,,
pos,@,!,R,A,N,R,P,N,V,O,V,P,V,&,V,P,A,&,V,R,A,P,D,N,,,,,
true,O,O,O,O,O,O,O,O,O,O,O,O,O,O,B-ADR,O,O,O,O,O,B-ADR,I-ADR,I-ADR,I-ADR,,,,,
pred,O,O,O,O,O,O,O,O,O,O,O,O,B-ADR,I-ADR,O,O,O,O,O,O,B-ADR,O,O,O,,,,,
skip, , , , , , , , , , , , , , , , , , , , , , , , ,,,,,
word,@url,partly,true,but,olanzapine,is,the,worst,ever,for,inducing,carb,cravings,for,some,unfortunate,ppl,serequel,and,clozaril,a,2nd,,,,,,,
pos,@,R,A,&,O,V,D,A,R,P,V,N,N,P,D,A,N,N,&,V,D,$,,,,,,,
true,O,O,O,O,B-ADR,O,O,O,O,O,O,B-ADR,I-ADR,O,O,O,O,O,O,O,O,O,,,,,,,
pred,O,O,O,O,B-ADR,O,O,O,O,O,O,B-ADR,I-ADR,O,O,O,O,O,O,O,O,O,,,,,,,
skip, , , , , , , , , , , , , , , , , , , , , , ,,,,,,,
word,@url,i,cant,sleep,im,having,a,well,bad,nicotine,craving,,,,,,,,,,,,,,,,,,
pos,@,O,V,V,L,V,D,R,A,N,V,,,,,,,,,,,,,,,,,,
true,O,O,B-ADR,I-ADR,O,O,O,O,O,O,B-ADR,,,,,,,,,,,,,,,,,,
pred,O,O,B-ADR,I-ADR,O,O,O,O,O,O,O,,,,,,,,,,,,,,,,,,
skip, , , , , , , , , , , ,,,,,,,,,,,,,,,,,,
word,@url,my,doctor,gave,me,"paxil,",which,i,think,is,similar,but,it's,made,me,feel,like,crap.,,,,,,,,,,,
pos,@,D,N,V,O,^,D,O,V,V,A,&,L,V,O,V,P,N,,,,,,,,,,,
true,O,O,O,O,O,O,O,O,O,O,O,O,O,O,O,B-ADR,I-ADR,I-ADR,,,,,,,,,,,
pred,O,O,O,O,O,O,O,O,O,O,O,O,O,O,O,B-ADR,I-ADR,I-ADR,,,,,,,,,,,
skip, , , , , , , , , , , , , , , , , , ,,,,,,,,,,,
word,cymbalta,withdrawal,&lt;&lt;&lt;&lt;&lt;&lt;&lt;&lt;,,,,,,,,,,,,,,,,,,,,,,,,,,
pos,N,N,G,,,,,,,,,,,,,,,,,,,,,,,,,,
true,O,B-ADR,O,,,,,,,,,,,,,,,,,,,,,,,,,,
pred,O,B-ADR,O,,,,,,,,,,,,,,,,,,,,,,,,,,
skip, , , ,,,,,,,,,,,,,,,,,,,,,,,,,,
word,the,cipro,in,you,eyes,burns,but,works,its,buffered,for,your,ears,seems,stupid,but,if,they,take,your,life,take,it,back,,,,,
pos,D,N,P,O,N,V,&,V,L,V,P,D,N,V,A,&,P,O,V,D,N,V,O,R,,,,,
true,O,O,O,O,O,B-ADR,O,O,O,O,O,O,O,O,O,O,O,O,O,O,O,O,O,O,,,,,
pred,O,O,O,O,B-ADR,O,O,O,O,O,O,O,O,O,O,O,O,O,O,O,O,O,O,O,,,,,
skip, , , , , , , , , , , , , , , , , , , , , , , , ,,,,,
word,high,off,tramadol,and,venlafaxine,in,school,omg,help,i'm,falling,asleep,here,,,,,,,,,,,,,,,,
pos,A,P,N,&,V,P,N,!,V,L,V,R,R,,,,,,,,,,,,,,,,
true,O,O,O,O,O,O,O,O,O,O,B-ADR,I-ADR,O,,,,,,,,,,,,,,,,
pred,O,O,O,O,O,O,O,O,O,O,O,B-ADR,O,,,,,,,,,,,,,,,,
skip, , , , , , , , , , , , , ,,,,,,,,,,,,,,,,
word,question,time,#crohns,#ibd,#humira,does,anyone,suffer,from,egg,burps?,what,works,for,you,,,,,,,,,,,,,,
pos,N,N,#,#,^,V,N,V,P,N,V,O,V,P,O,,,,,,,,,,,,,,
true,O,O,B-ADR,I-ADR,O,O,O,O,O,O,O,O,O,O,O,,,,,,,,,,,,,,
pred,O,O,B-ADR,I-ADR,O,O,O,O,O,O,O,O,O,O,O,,,,,,,,,,,,,,
skip, , , , , , , , , , , , , , , ,,,,,,,,,,,,,,
word,@url,@url,@url,#mhchat,i,had,sleep,paralysis,every,night,for,four,months,when,i,took,quetiapine,in,addition,to,lamotrigine,,,,,,,,
pos,@,@,@,#,O,V,N,N,D,N,P,$,N,R,O,V,^,P,N,P,V,,,,,,,,
true,O,O,O,O,O,O,B-ADR,I-ADR,O,O,O,O,O,O,O,O,O,O,O,O,O,,,,,,,,
pred,O,O,O,B-ADR,O,O,B-ADR,I-ADR,O,O,O,O,O,O,O,O,O,O,O,O,O,,,,,,,,
skip, , , , , , , , , , , , , , , , , , , , , ,,,,,,,,
word,time,to,get,off,paxil.,it's,really,really,been,terrifying,lately.,,,,,,,,,,,,,,,,,,
pos,N,P,V,T,^,L,R,R,V,A,R,,,,,,,,,,,,,,,,,,
true,O,O,O,O,O,O,O,O,O,B-ADR,O,,,,,,,,,,,,,,,,,,
pred,O,O,O,O,O,O,O,O,O,O,O,,,,,,,,,,,,,,,,,,
skip, , , , , , , , , , , ,,,,,,,,,,,,,,,,,,
word,humira,why,you,burn,my,veins,,,,,,,,,,,,,,,,,,,,,,,
pos,^,R,O,V,D,N,,,,,,,,,,,,,,,,,,,,,,,
true,O,O,O,B-ADR,I-ADR,I-ADR,,,,,,,,,,,,,,,,,,,,,,,
pred,O,O,O,O,O,B-ADR,,,,,,,,,,,,,,,,,,,,,,,
skip, , , , , , ,,,,,,,,,,,,,,,,,,,,,,,
word,08.55,day,21,rivaroxaban,diary,strange,muscle,spasms,especially,in,neck,shoulders,and,legs.,no,more,fluid,retention.,more,mobile.,,,,,,,,,
pos,$,N,$,^,N,A,N,N,R,P,N,N,&,N,R,A,N,N,R,A,,,,,,,,,
true,O,O,O,O,O,O,O,O,O,O,O,O,O,O,O,O,B-ADR,I-ADR,O,B-ADR,,,,,,,,,
pred,O,O,O,O,O,O,B-ADR,I-ADR,O,O,B-ADR,I-ADR,O,O,O,O,O,O,O,O,,,,,,,,,
skip, , , , , , , , , , , , , , , , , , , , ,,,,,,,,,
word,feeling,a,little,dizzy,from,the,quetiapine,i,just,popped!,,,,,,,,,,,,,,,,,,,
pos,V,D,A,A,P,D,N,O,R,V,,,,,,,,,,,,,,,,,,,
true,O,O,O,B-ADR,O,O,O,O,O,O,,,,,,,,,,,,,,,,,,,
pred,O,O,O,B-ADR,O,O,O,O,O,O,,,,,,,,,,,,,,,,,,,
skip, , , , , , , , , , ,,,,,,,,,,,,,,,,,,,
word,@url:,any,ideas,on,treating,depression,naturally,paxil,is,making,me,gain,unwanted,pounds,and,water,weight...thanks,,,,,,,,,,,,
pos,V,D,N,P,V,N,R,^,V,V,O,V,A,N,&,N,N,,,,,,,,,,,,
true,O,O,O,O,O,B-ADR,O,O,O,O,O,O,O,O,O,B-ADR,I-ADR,,,,,,,,,,,,
pred,O,O,O,O,O,O,O,O,O,O,O,B-ADR,I-ADR,I-ADR,O,O,O,,,,,,,,,,,,
skip, , , , , , , , , , , , , , , , , ,,,,,,,,,,,,
word,@url,i,had,a,weird,rash,w/,enbrel.,but,it,was,all,over,my,abdomen,&,chest.,rash,in,elbow,cld,b,psoriasis?,can,u,take,a,pic?,
pos,@,O,V,D,A,N,P,N,&,O,V,D,P,D,N,&,N,N,P,N,V,V,N,V,O,V,D,N,
true,O,O,O,O,O,B-ADR,O,O,O,O,O,O,O,O,O,O,O,O,O,O,O,O,O,O,O,O,O,O,
pred,O,O,O,O,O,B-ADR,O,O,O,O,O,O,O,O,O,O,O,O,O,O,O,O,O,O,O,O,O,O,
skip, , , , , , , , , , , , , , , , , , , , , , , , , , , , ,
word,03.25,day,13,rivaroxaban,diary.,neck,ache,and,right,shoulder,ache.,lower,back,pain.,,,,,,,,,,,,,,,
pos,$,N,$,^,N,N,V,&,A,N,V,A,N,N,,,,,,,,,,,,,,,
true,O,O,O,O,O,B-ADR,I-ADR,O,O,O,O,O,B-ADR,I-ADR,,,,,,,,,,,,,,,
pred,O,O,O,O,O,B-ADR,I-ADR,O,O,O,B-ADR,O,B-ADR,I-ADR,,,,,,,,,,,,,,,
skip, , , , , , , , , , , , , , ,,,,,,,,,,,,,,,
word,seroquel,is,causing,more,gaps,in,"memory,",i,don't,remember,going,to,therapy,and,as,usual,no,one,has,stepped,up,to,claim,thos,memories,&gt;&gt;,,,
pos,^,V,V,A,N,P,N,O,V,V,V,P,N,&,R,A,D,N,V,V,T,P,V,D,N,V,,,
true,O,O,O,O,B-ADR,I-ADR,I-ADR,O,O,O,O,O,O,O,O,O,O,O,O,O,O,O,O,O,O,O,,,
pred,O,O,O,O,O,O,O,O,B-ADR,I-ADR,O,O,O,O,O,O,O,O,O,O,O,O,O,O,O,O,,,
skip, , , , , , , , , , , , , , , , , , , , , , , , , , ,,,
word,@url,i'm,good,been,on,25mg,mtx,for,years,then,switched,to,leflunomide,back,mtx,the,other,caused,tummy,trouble.,why,r,u,off,enbrel,,,,
pos,@,L,A,V,P,^,^,P,N,R,V,P,V,R,^,D,A,V,N,N,R,V,O,T,N,,,,
true,O,O,O,O,O,O,O,O,O,O,O,O,B-ADR,O,O,O,O,O,B-ADR,I-ADR,O,O,O,O,O,,,,
pred,O,O,O,O,O,O,O,O,O,O,O,O,B-ADR,O,O,O,O,O,B-ADR,I-ADR,O,O,O,O,O,,,,
skip, , , , , , , , , , , , , , , , , , , , , , , , , ,,,,
word,i,seem,to,need,to,sleep,right,now.,quetiapine,"takers,",is,this,normal?,,,,,,,,,,,,,,,,
pos,O,V,P,V,P,V,R,R,A,N,V,D,A,,,,,,,,,,,,,,,,
true,O,O,O,O,O,B-ADR,I-ADR,I-ADR,O,O,O,O,O,,,,,,,,,,,,,,,,
pred,O,O,O,O,O,B-ADR,O,O,O,O,O,O,O,,,,,,,,,,,,,,,,
skip, , , , , , , , , , , , , ,,,,,,,,,,,,,,,,
word,@url,paxil,didn't,end,up,helping.,tried,prozac,and,wellbutrin,and,it,helped,my,mood,and,anxiety,but,gave,me,vertigo.,:(,,,,,,,
pos,@,^,V,V,T,V,V,^,&,A,&,O,V,D,N,&,N,&,V,O,^,E,,,,,,,
true,O,O,O,O,O,O,O,O,O,O,O,O,O,O,B-ADR,O,B-ADR,O,O,O,O,O,,,,,,,
pred,O,O,O,O,O,O,O,O,O,O,O,O,O,O,B-ADR,O,B-ADR,I-ADR,O,O,O,O,,,,,,,
skip, , , , , , , , , , , , , , , , , , , , , , ,,,,,,,
word,i'm,def,suing,cymbalta.,i,can't,wait,until,its,out,of,my,system.,get,out!!!!!!!,nowwww!!!!!,you,turn,peaceful,people,into,the,hulk!,,,,,,
pos,L,R,V,N,O,V,V,P,L,P,P,D,N,V,T,R,O,V,A,N,P,D,^,,,,,,
true,O,O,O,O,O,O,O,O,O,O,O,O,O,O,O,O,O,B-ADR,I-ADR,I-ADR,I-ADR,I-ADR,I-ADR,,,,,,
pred,O,O,O,O,O,O,O,O,O,O,O,O,O,O,O,O,O,B-ADR,I-ADR,O,O,O,O,,,,,,
skip, , , , , , , , , , , , , , , , , , , , , , , ,,,,,,
word,end,of,day,2,-much,better,but,still,upping,dosage,-lets,hope,for,more,movement,tomor!,#newmeds,#meantalhealth,#bipolar,#quetiapine,,,,,,,,,
pos,N,P,N,$,R,A,&,R,V,N,V,V,P,A,N,N,#,#,#,#,,,,,,,,,
true,O,O,O,O,O,O,O,O,O,O,O,O,O,O,O,O,O,O,B-ADR,O,,,,,,,,,
pred,O,O,O,O,O,O,O,O,O,O,O,O,O,O,O,O,O,O,B-ADR,O,,,,,,,,,
skip, , , , , , , , , , , , , , , , , , , , ,,,,,,,,,
word,@url,i,think,the,mirtazapine,is,slowly,lifting,my,mood,dips,and,hopefully,venlafaxine,will,lesson,the,anxiety.time,will,tell,x,,,,,,,,
pos,@,O,V,D,^,V,R,V,D,N,N,&,R,^,V,V,D,N,V,V,E,,,,,,,,
true,O,O,O,O,O,O,O,O,O,B-ADR,I-ADR,O,O,O,O,O,O,B-ADR,O,O,O,,,,,,,,
pred,O,O,O,O,O,O,O,O,O,B-ADR,I-ADR,O,O,O,O,O,O,B-ADR,O,O,O,,,,,,,,
skip, , , , , , , , , , , , , , , , , , , , , ,,,,,,,,
word,@url,@url,sad,but,over,aggressive,marketing,of,juxtapid,will,probably,make,it,more,difficult,for,true,hofh,to,get,covered,,,,,,,,
pos,@,@,A,&,R,A,N,P,^,V,R,V,O,R,A,P,A,N,P,V,V,,,,,,,,
true,O,O,O,O,O,O,O,O,O,O,O,O,O,O,O,O,O,B-ADR,O,O,O,,,,,,,,
pred,O,O,B-ADR,O,O,O,O,O,O,O,O,O,O,O,O,O,O,B-ADR,O,O,O,,,,,,,,
skip, , , , , , , , , , , , , , , , , , , , , ,,,,,,,,
word,i,hate,#zoloft,because,it,makes,me,crazy,revved,up,but,i,also,hate,#lamictal,because,it,gives,me,stupid,"head"""".","ah,",bipolar,i,disorder,?,,,
pos,O,V,N,P,O,V,O,A,V,T,&,O,R,V,A,P,O,V,O,A,N,!,A,O,V,",",,,
true,O,O,O,O,O,O,O,O,O,O,O,O,O,O,O,O,O,O,O,B-ADR,I-ADR,O,B-ADR,I-ADR,I-ADR,O,,,
pred,O,O,O,O,O,O,O,B-ADR,I-ADR,O,O,O,O,O,O,O,O,O,O,O,O,O,B-ADR,O,B-ADR,O,,,
skip, , , , , , , , , , , , , , , , , , , , , , , , , , ,,,
word,@url,depakote,made,me,feel,"flat,",but,helps,many.,zyprexa,can,cause,weight,"gain,",so,be,very,careful.,i,can't,tolerate,it.,,,,,,,
pos,@,^,V,O,V,A,&,V,A,N,V,V,N,V,P,V,R,A,O,V,V,O,,,,,,,
true,O,O,O,O,O,B-ADR,O,O,O,O,O,O,B-ADR,I-ADR,O,O,O,O,O,O,O,O,,,,,,,
pred,O,B-ADR,O,O,O,O,O,O,O,O,O,O,B-ADR,I-ADR,O,O,O,O,O,O,O,O,,,,,,,
skip, , , , , , , , , , , , , , , , , , , , , , ,,,,,,,
