,0,1,2,3,4,5,6,7,8,9,10,11,12,13,14,15,16,17,18,19,20,21,22,23,24,25,26,27,28,29
word,@thestomabaglady,it,was,explained,to,me,that,all,the,anti-tnfs,can,bring,out,other,issues,.,i,had,severe,joint,pain,on,humira,&,remicaid,,,,,
true,O,O,O,O,O,O,O,O,O,O,O,O,O,O,O,O,O,O,O,B-ADR,I-ADR,O,O,O,O,,,,,
pred,O,O,O,O,O,O,O,O,O,O,O,O,O,O,O,O,O,O,O,B-ADR,I-ADR,O,O,O,O,,,,,
skip, , , , , , , , , , , , , , , , , , , , , , , , , ,,,,,
word,seroquel,is,causing,more,gaps,in,memory,",",i,don't,remember,going,to,therapy,and,as,usual,no,one,has,stepped,up,to,claim,thos,memories,&gt;&gt;,,,
true,O,O,O,O,B-ADR,I-ADR,I-ADR,O,O,O,O,O,O,O,O,O,O,O,O,O,O,O,O,O,O,O,O,,,
pred,O,O,O,O,B-ADR,O,I-ADR,O,PAD,PAD,PAD,PAD,PAD,PAD,PAD,PAD,PAD,PAD,PAD,PAD,PAD,PAD,PAD,PAD,PAD,PAD,PAD,,,
skip, , , , , , , , , , , , , , , , , , , , , , , , , , , ,,,
word,i,stopped,taking,my,seroquel,because,i,hate,it,.,i,can,barely,function,on,it,",",hopefully,my,cpn,&,psychiatrist,can,advise,a,'nicer',med,.,,
true,O,O,O,O,O,O,O,O,O,O,O,O,B-ADR,I-ADR,O,O,O,O,O,O,O,O,O,O,O,O,O,O,,
pred,O,O,O,O,O,O,O,O,O,O,O,O,B-ADR,I-ADR,O,O,O,O,O,O,O,O,PAD,PAD,PAD,PAD,PAD,PAD,,
skip, , , , , , , , , , , , , , , , , , , , , , , , , , , , ,,
word,officially,addicted,to,nicotine,,,,,,,,,,,,,,,,,,,,,,,,,,
true,O,B-ADR,O,O,,,,,,,,,,,,,,,,,,,,,,,,,,
pred,O,B-ADR,O,O,,,,,,,,,,,,,,,,,,,,,,,,,,
skip, , , , ,,,,,,,,,,,,,,,,,,,,,,,,,,
word,amateur,porn,tips,:,take,vyvanse,!,after,two,hours,of,continuous,shitting,",",you'll,be,ready,for,anal,with,no,embarrassing,poo,accidents,!,?,,,,
true,O,O,O,O,O,O,O,O,O,O,O,B-ADR,I-ADR,O,O,O,O,O,O,O,O,O,O,O,O,O,,,,
pred,O,O,O,O,O,O,O,O,O,O,O,O,O,O,O,O,O,O,O,O,O,O,I-ADR,O,O,O,,,,
skip, , , , , , , , , , , , , , , , , , , , , , , , , , ,,,,
word,this,paxil,makes,me,pee,so,often,omg,#sorrynotsorry,,,,,,,,,,,,,,,,,,,,,
true,O,O,O,O,B-ADR,I-ADR,I-ADR,O,O,,,,,,,,,,,,,,,,,,,,,
pred,O,O,O,O,B-ADR,O,O,O,O,,,,,,,,,,,,,,,,,,,,,
skip, , , , , , , , , ,,,,,,,,,,,,,,,,,,,,,
word,@richiel13,my,doctor,gave,me,paxil,",",which,i,think,is,similar,but,it's,made,me,feel,like,crap,.,,,,,,,,,,
true,O,O,O,O,O,O,O,O,O,O,O,O,O,O,O,O,B-ADR,I-ADR,I-ADR,O,,,,,,,,,,
pred,O,O,O,O,O,O,O,O,O,O,O,O,O,O,O,O,B-ADR,I-ADR,I-ADR,O,,,,,,,,,,
skip, , , , , , , , , , , , , , , , , , , , ,,,,,,,,,,
word,@redbuttongirl,i,know,.,i,just,realised,with,everything,else,-,i,haven't,taken,the,sodding,quetiapine,yet,!,!,wondered,why,i,wasn't,drowsy,doh,!,,,
true,O,O,O,O,O,O,O,O,O,O,O,O,O,O,O,O,O,O,O,O,O,O,O,O,B-ADR,O,O,,,
pred,O,O,O,O,O,O,O,O,O,O,O,O,O,O,O,O,O,O,O,O,O,PAD,PAD,PAD,PAD,PAD,PAD,,,
skip, , , , , , , , , , , , , , , , , , , , , , , , , , , ,,,
word,@angel_long,@princessdolly85,cipro,crippled,me,.,you,should,also,stay,away,from,all,other,antibiotics,in,the,same,class,(levaquin,",",avelox...),,,,,,,,
true,O,O,O,B-ADR,O,O,O,O,O,O,O,O,O,O,O,O,O,O,O,O,O,O,,,,,,,,
pred,O,O,O,B-ADR,I-ADR,O,O,O,O,O,O,O,O,O,O,O,O,O,O,O,O,O,,,,,,,,
skip, , , , , , , , , , , , , , , , , , , , , , ,,,,,,,,
word,@stillicides,well,no,.,but,it's,just,that,i,dropped,my,quetiapine,last,night,.,i,slept,horribly,!,but,i,feel,v,unfoggy..,.,,,,,
true,O,O,O,O,O,O,O,O,O,O,O,O,O,O,O,O,B-ADR,I-ADR,O,O,O,O,O,O,O,,,,,
pred,O,O,O,O,O,O,O,O,O,O,O,O,O,O,O,O,B-ADR,I-ADR,O,O,O,B-ADR,O,O,O,,,,,
skip, , , , , , , , , , , , , , , , , , , , , , , , , ,,,,,
word,@rogerbezanis,:,any,ideas,on,treating,depression,naturally,paxil,is,making,me,gain,unwanted,pounds,and,water,weight...thanks,,,,,,,,,,,,
true,O,O,O,O,O,O,O,O,O,O,O,O,B-ADR,I-ADR,I-ADR,O,B-ADR,I-ADR,,,,,,,,,,,,
pred,O,O,O,O,PAD,PAD,PAD,PAD,PAD,PAD,PAD,PAD,PAD,PAD,PAD,PAD,PAD,PAD,,,,,,,,,,,,
skip, , , , , , , , , , , , , , , , , , ,,,,,,,,,,,,
word,crying,randomly,at,nothing,and,everything,.,sigh,.,thank,you,#effexor,#withdrawls,can,you,just,exit,my,system,already,.,,,,,,,,,
true,B-ADR,O,O,O,O,O,O,O,O,O,O,O,B-ADR,O,O,O,O,O,O,O,O,,,,,,,,,
pred,B-ADR,O,O,O,O,O,O,O,O,O,O,O,O,O,O,O,B-ADR,O,O,O,O,,,,,,,,,
skip, , , , , , , , , , , , , , , , , , , , , ,,,,,,,,,
word,@mhchat,hopefully,i,would,love,to,chat,or,talk,by,skype,with,you,and,your,team,.,i,am,on,1,med,saphris,.,i,lost,10,pounds,2,months
true,O,O,O,O,O,O,O,O,O,O,O,O,O,O,O,O,O,O,O,O,O,O,O,O,O,B-ADR,I-ADR,I-ADR,O,O
pred,O,O,O,O,O,O,O,O,O,O,O,O,O,O,O,O,O,O,O,O,PAD,PAD,PAD,PAD,PAD,PAD,PAD,PAD,PAD,PAD
skip, , , , , , , , , , , , , , , , , , , , , , , , , , , , , , 
word,he,said,he,is,'slowly,dying,of,starvation',.,i,don't,want,to,be,the,one,to,say,stop,taking,the,aricept,and,namenda..,.,,,,,
true,O,O,O,O,O,O,O,B-ADR,O,O,O,O,O,O,O,O,O,O,O,O,O,O,O,O,O,,,,,
pred,O,O,O,O,O,O,O,O,O,O,O,O,O,O,O,O,O,O,O,O,O,O,PAD,PAD,PAD,,,,,
skip, , , , , , , , , , , , , , , , , , , , , , , , , ,,,,,
word,i'm,never,gonna,pack,it,in,i,know,i'm,addicted,to,the,nicotine,through,my,veins,it,flow,,,,,,,,,,,,
true,O,O,O,O,O,O,O,O,O,B-ADR,O,O,O,O,O,O,O,O,,,,,,,,,,,,
pred,O,O,O,O,O,O,O,O,O,B-ADR,O,O,O,O,O,I-ADR,O,O,,,,,,,,,,,,
skip, , , , , , , , , , , , , , , , , , ,,,,,,,,,,,,
word,i,can't,decide,if,i,should,watch,mind-numbing,reality,tv,on,netflix,or,abuse,my,prescription,for,trazodone,and,sleep,for,fifteen,hours,,,,,,,
true,O,O,O,O,O,O,O,O,O,O,O,O,O,O,O,O,O,O,O,B-ADR,I-ADR,I-ADR,I-ADR,,,,,,,
pred,O,O,O,O,O,O,O,O,O,O,O,O,PAD,PAD,PAD,PAD,PAD,PAD,PAD,PAD,PAD,PAD,PAD,,,,,,,
skip, , , , , , , , , , , , , , , , , , , , , , , ,,,,,,,
word,@mannypresh602,word,.,i've,been,fuckin,tweakin,out,on,vyvanse,and,writing,hella,verses,,,,,,,,,,,,,,,,
true,O,O,O,O,O,O,B-ADR,I-ADR,O,O,O,O,O,O,,,,,,,,,,,,,,,,
pred,O,O,O,O,O,O,B-ADR,I-ADR,O,O,O,O,O,O,,,,,,,,,,,,,,,,
skip, , , , , , , , , , , , , , ,,,,,,,,,,,,,,,,
word,@crohns_twins,that,sucks,.,humira,made,me,so,sick,.,remicade,helped,a,but,",",but,then,seizures,put,that,out,.,now,waiting,",",just,prednisone,now,.,
true,O,O,O,O,O,O,O,O,B-ADR,O,O,O,O,O,O,O,O,B-ADR,O,O,O,O,O,O,O,O,O,O,O,
pred,O,O,O,O,O,O,O,O,B-ADR,O,O,O,O,O,O,O,O,B-ADR,O,O,O,O,PAD,PAD,PAD,PAD,PAD,PAD,PAD,
skip, , , , , , , , , , , , , , , , , , , , , , , , , , , , , ,
word,pt,of,mine,died,from,cipro,rt,@ciproispoison,:,@gastromom,if,only,more,doctors,thought,like,you,!,i,lost,my,entire,life,to,12,cipro,pills,,,
true,O,O,O,B-ADR,O,O,O,O,O,O,O,O,O,O,O,O,O,O,O,O,O,O,O,O,O,O,O,,,
pred,O,O,O,O,O,O,O,O,O,O,O,O,O,O,O,O,O,O,O,O,O,O,O,O,O,O,PAD,,,
skip, , , , , , , , , , , , , , , , , , , , , , , , , , , ,,,
word,rt,@uffelanie,:,just,wondering,where,the,side,effect,of,hating,the,world,is,stated,on,vyvanse,advertisements,?,,,,,,,,,,,
true,O,O,O,O,O,O,O,O,O,O,B-ADR,I-ADR,I-ADR,O,O,O,O,O,O,,,,,,,,,,,
pred,O,O,O,O,O,O,O,O,O,O,PAD,PAD,PAD,PAD,PAD,PAD,PAD,PAD,PAD,,,,,,,,,,,
skip, , , , , , , , , , , , , , , , , , , ,,,,,,,,,,,
word,in,need,of,a,dream,interpreter.,.,#quetiapine,is,really,having,an,affect,on,my,night,visions.,.,some,fucked,up,scenarios,in,my,sleep,lol,:,-/,,
true,O,O,O,O,O,O,O,O,O,O,O,O,O,O,O,B-ADR,I-ADR,O,O,O,O,O,O,O,O,O,O,O,,
pred,O,O,O,O,B-ADR,O,O,O,O,O,PAD,PAD,PAD,PAD,PAD,PAD,PAD,PAD,PAD,PAD,PAD,PAD,PAD,PAD,PAD,PAD,PAD,PAD,,
skip, , , , , , , , , , , , , , , , , , , , , , , , , , , , ,,
word,@stinkings,@evilbadgerette,trazodone,was,evil,.,turned,you,all,flat,:,(,,,,,,,,,,,,,,,,,,
true,O,O,O,O,O,O,O,O,O,B-ADR,O,O,,,,,,,,,,,,,,,,,,
pred,O,O,O,O,O,O,O,O,O,B-ADR,O,O,,,,,,,,,,,,,,,,,,
skip, , , , , , , , , , , , ,,,,,,,,,,,,,,,,,,
word,@inkyworld,why,i,came,off,it,.,gp,told,me,its,not,dangerous,but,it,is,damn,unpleasant,.,at,least,i,know,it's,the,quetiapine,that's,causing,it,
true,O,O,O,O,O,O,O,O,O,O,O,B-ADR,I-ADR,I-ADR,I-ADR,I-ADR,I-ADR,I-ADR,O,O,O,O,O,O,O,O,O,O,O,
pred,O,O,O,O,O,O,O,O,O,O,O,O,O,O,O,O,O,O,O,O,O,O,PAD,PAD,PAD,PAD,PAD,PAD,PAD,
skip, , , , , , , , , , , , , , , , , , , , , , , , , , , , , ,
word,i,need,to,stop,the,vyvanse,that,shit,can,fuck,with,your,head,,,,,,,,,,,,,,,,,
true,O,O,O,O,O,O,O,O,O,B-ADR,I-ADR,I-ADR,I-ADR,,,,,,,,,,,,,,,,,
pred,O,O,O,O,O,O,O,O,O,O,O,O,O,,,,,,,,,,,,,,,,,
skip, , , , , , , , , , , , , ,,,,,,,,,,,,,,,,,
word,i,have,put,on,weight,(thanks,ms,and,#tysabri),.,always,look,on,the,bright,side,:,time,for,a,@thinkgeek,t-shirt,spree,!,#winning,,,,,
true,O,O,B-ADR,I-ADR,I-ADR,O,O,O,O,O,O,O,O,O,O,O,O,O,O,O,O,O,O,O,O,,,,,
pred,O,O,O,O,I-ADR,O,O,PAD,PAD,PAD,PAD,PAD,PAD,PAD,PAD,PAD,PAD,PAD,PAD,PAD,PAD,PAD,PAD,PAD,PAD,,,,,
skip, , , , , , , , , , , , , , , , , , , , , , , , , ,,,,,
word,i�m,sort,of,nauseous,.,don�t,know,if,it�s,a,side,effect,of,the,viibryd,or,i,need,to,eat,more,or,what,.,unpleasant,.,,,,
true,O,O,O,B-ADR,O,O,O,O,O,O,O,O,O,O,O,O,O,O,O,O,O,O,O,O,O,O,,,,
pred,O,O,O,B-ADR,O,O,O,O,O,O,O,O,O,O,O,O,O,B-ADR,I-ADR,I-ADR,I-ADR,O,PAD,PAD,PAD,PAD,,,,
skip, , , , , , , , , , , , , , , , , , , , , , , , , , ,,,,
word,@hendryhannah,i,tried,fluoxetine,.,it,knocked,me,out,.,,,,,,,,,,,,,,,,,,,,
true,O,O,O,O,O,O,B-ADR,I-ADR,I-ADR,O,,,,,,,,,,,,,,,,,,,,
pred,O,O,O,O,O,O,B-ADR,I-ADR,I-ADR,O,,,,,,,,,,,,,,,,,,,,
skip, , , , , , , , , , ,,,,,,,,,,,,,,,,,,,,
word,@theeastmovie,thank,you,so,much,for,getting,the,message,out...wish,i,could,see,the,film,but,bayer,crippled,me,with,cipro,back,in,2009,!,,,,,
true,O,O,O,O,O,O,O,O,O,O,O,O,O,O,O,O,O,B-ADR,O,O,O,O,O,O,O,,,,,
pred,O,O,O,O,O,O,O,O,O,O,O,B-ADR,I-ADR,O,O,O,O,B-ADR,O,O,PAD,PAD,PAD,PAD,PAD,,,,,
skip, , , , , , , , , , , , , , , , , , , , , , , , , ,,,,,
word,@southkirk,@positiveaboutms,thinking,it,might,be,the,baclofen,doing,it.only,on,a,low,dose,though.broken,sleep,is,a,nightmare.#msfatigue,,,,,,,,,,,
true,O,O,O,O,O,O,O,O,O,O,O,O,O,O,B-ADR,I-ADR,O,O,O,,,,,,,,,,,
pred,O,O,O,O,O,O,O,O,O,O,O,O,O,O,B-ADR,I-ADR,O,O,O,,,,,,,,,,,
skip, , , , , , , , , , , , , , , , , , , ,,,,,,,,,,,
word,i,went,down,to,100,mg,of,trazodone,at,night,.,the,nightmares,are,gone,but,my,insomnia,got,worse,.,,,,,,,,,
true,O,O,O,O,O,O,O,O,O,O,O,O,B-ADR,O,O,O,O,B-ADR,O,O,O,,,,,,,,,
pred,O,O,O,O,O,O,O,O,O,O,O,O,B-ADR,O,O,O,O,B-ADR,O,PAD,PAD,,,,,,,,,
skip, , , , , , , , , , , , , , , , , , , , , ,,,,,,,,,
word,seriously,if,you,are,getting,off,cymbalta,tape,alot,if,movies,i,was,up,till,4,and,feel,and,look,like,a,zombie,just,to,tired,to,growl,!,!
true,O,O,O,O,O,O,O,O,O,O,O,O,O,B-ADR,I-ADR,I-ADR,O,O,O,O,O,O,B-ADR,O,O,B-ADR,O,O,O,O
pred,O,O,O,O,O,O,O,O,O,O,O,O,O,O,O,O,O,B-ADR,O,O,O,O,B-ADR,O,O,B-ADR,O,PAD,PAD,PAD
skip, , , , , , , , , , , , , , , , , , , , , , , , , , , , , , 
word,gotta,find,an,alternative,to,vyvanse,",",asap,.,i'd,rather,be,sleepy,&,happy,",",than,alert,&,depressed,!,,,,,,,,,
true,O,O,O,O,O,O,O,O,O,O,O,O,O,O,O,O,O,O,O,B-ADR,O,,,,,,,,,
pred,O,O,O,O,O,O,O,O,O,O,O,O,O,O,O,O,O,B-ADR,O,B-ADR,O,,,,,,,,,
skip, , , , , , , , , , , , , , , , , , , , , ,,,,,,,,,
word,rivaroxaban,2/2,if,i,could,float,weightless,in,space,i,suspect,i,would,not,ache,.,but,i,can't,so,need,rid,of,rivaroxaban,.,,,,,
true,O,O,O,O,O,O,O,O,O,O,O,O,O,O,B-ADR,O,O,O,O,O,O,O,O,O,O,,,,,
pred,O,O,O,O,O,B-ADR,I-ADR,O,O,O,O,O,O,O,I-ADR,O,O,O,O,O,O,O,O,O,O,,,,,
skip, , , , , , , , , , , , , , , , , , , , , , , , , ,,,,,
word,i,need,help,twitter,.,i,was,gradually,coming,off,venlafaxine,and,now,i'm,completely,off,it,i've,been,going,though,hell,.,,,,,,,
true,O,O,O,O,O,O,O,O,O,O,O,O,O,O,O,O,O,O,O,B-ADR,I-ADR,I-ADR,O,,,,,,,
pred,O,O,O,O,O,O,O,O,O,O,O,O,O,O,O,O,O,O,O,O,O,O,O,,,,,,,
skip, , , , , , , , , , , , , , , , , , , , , , , ,,,,,,,
word,i,can't,take,this,:,(,i,thought,having,seroquel,would,make,it,easier,but,nope,.,my,whole,body,feels,like,i,have,raw,nerve,endings,going,crazy,
true,O,O,O,O,O,O,O,O,O,O,O,O,O,O,O,O,O,O,O,O,B-ADR,I-ADR,I-ADR,I-ADR,I-ADR,I-ADR,I-ADR,O,O,
pred,O,O,O,O,O,O,O,O,O,O,O,O,O,O,O,O,O,O,O,O,O,O,O,O,B-ADR,I-ADR,PAD,PAD,PAD,
skip, , , , , , , , , , , , , , , , , , , , , , , , , , , , , ,
word,humira,+,thioguanine,+,preds,=,me,have,no,immune,lol.,.,thankgod,i,on,anti,biotics,for,a,bit..,.,then,preds,drop,off,#crohns,,,,
true,O,O,O,O,O,O,O,O,B-ADR,I-ADR,O,O,O,O,O,O,O,O,O,O,O,O,O,O,O,O,,,,
pred,O,O,O,O,O,O,O,O,O,B-ADR,O,O,O,O,O,O,O,O,O,O,O,O,PAD,PAD,PAD,PAD,,,,
skip, , , , , , , , , , , , , , , , , , , , , , , , , , ,,,,
word,@magnoliapearl,missing,a,day,of,meds,is,never,fun,.,i,get,migraines,if,i,don't,get,my,effexor,.,do,you,just,get,super,tired,?,,,
true,O,O,O,O,O,O,O,O,O,O,O,O,B-ADR,O,O,O,O,O,O,O,O,O,O,O,O,B-ADR,O,,,
pred,O,O,O,O,O,O,O,O,O,O,O,O,B-ADR,O,O,O,O,O,O,O,O,O,O,O,PAD,PAD,PAD,,,
skip, , , , , , , , , , , , , , , , , , , , , , , , , , , ,,,
word,note,to,self,:,do,not,take,#fluoxetine,and,#aleved,together,.,i'm,a,space,cadet,today,!,#druginteractions,,,,,,,,,,,
true,O,O,O,O,O,O,O,O,O,O,O,O,O,O,B-ADR,I-ADR,O,O,O,,,,,,,,,,,
pred,O,O,O,O,O,O,O,O,O,B-ADR,O,O,O,O,O,O,O,O,O,,,,,,,,,,,
skip, , , , , , , , , , , , , , , , , , , ,,,,,,,,,,,
word,14.11,day,17,rivaroxaban,diary,.,still,waiting,for,doctor,to,phone,me,"	,	jj	o
	",around,lunchtime,"	,	nnp	o
	",.,taken,more,paracetamol,to,dull,the,aches,.,,,,
true,O,O,O,O,O,O,O,O,O,O,O,O,O,O,O,O,O,O,O,O,O,O,O,O,B-ADR,O,,,,
pred,O,O,O,O,O,O,O,O,O,O,O,O,O,O,O,O,O,O,O,O,O,O,O,O,B-ADR,O,,,,
skip, , , , , , , , , , , , , , , , , , , , , , , , , , ,,,,
word,i'm,tired,of,being,tired,",",deffinatly,#nap,time,for,this,girl,.,stupid,#medications,#paxil,#trazodone,#seroquel,,,,,,,,,,,,
true,O,B-ADR,O,O,O,O,O,B-ADR,I-ADR,O,O,O,O,O,O,O,O,O,,,,,,,,,,,,
pred,O,B-ADR,O,O,B-ADR,O,O,O,O,O,O,O,O,O,O,PAD,PAD,PAD,,,,,,,,,,,,
skip, , , , , , , , , , , , , , , , , , ,,,,,,,,,,,,
word,when,im,tweaked,off,vyvanse,i,cant,go,into,my,room...cuse,if,i,look,at,my,shoes,ill,lose,focus,of,everything,and,just,think,bout,them,,,
true,O,O,O,O,O,O,O,O,O,O,O,O,O,O,O,O,O,O,B-ADR,I-ADR,O,O,O,O,O,O,O,,,
pred,O,O,O,O,O,O,O,O,O,O,O,O,PAD,PAD,PAD,PAD,PAD,PAD,PAD,PAD,PAD,PAD,PAD,PAD,PAD,PAD,PAD,,,
skip, , , , , , , , , , , , , , , , , , , , , , , , , , , ,,,
word,@whiskey_girl33,oh,yuck,.,we,all,have,our,least,favorite,body,fluid,.,mine,is,aerosolized,blood,.,nosebleed,on,xarelto,-eeeew,,,,,,,,
true,O,O,O,O,O,O,O,O,O,O,O,O,O,O,O,O,O,O,B-ADR,O,O,O,,,,,,,,
pred,O,O,O,O,O,O,O,O,O,O,O,O,O,O,O,B-ADR,I-ADR,O,B-ADR,PAD,PAD,PAD,,,,,,,,
skip, , , , , , , , , , , , , , , , , , , , , , ,,,,,,,,
word,@ciproispoison,ironically,",",the,pulmonologist,i,work,with,told,me,about,his,own,devastating,bout,with,'tendonitis',after,cipro,,,,,,,,,,,
true,O,O,O,O,O,O,O,O,O,O,O,O,O,O,O,O,B-ADR,O,O,,,,,,,,,,,
pred,O,O,O,O,O,O,O,O,O,O,O,O,O,O,O,O,O,O,O,,,,,,,,,,,
skip, , , , , , , , , , , , , , , , , , , ,,,,,,,,,,,
word,@halfabear,i,had,a,year,on,prozac,which,ruined,my,creativity,too,-,my,memory,now,is,awful,-,pregabalin,does,it,but,it's,worth,it,!,!,!,
true,O,O,O,O,O,O,O,O,B-ADR,I-ADR,I-ADR,O,O,O,B-ADR,I-ADR,I-ADR,I-ADR,O,O,O,O,O,O,O,O,O,O,O,
pred,O,O,O,O,O,O,O,O,B-ADR,I-ADR,I-ADR,O,O,O,O,O,PAD,PAD,PAD,PAD,PAD,PAD,PAD,PAD,PAD,PAD,PAD,PAD,PAD,
skip, , , , , , , , , , , , , , , , , , , , , , , , , , , , , ,
word,@spicynyx,fluoxetine,and,quet,combo,zombified,me...ah,",",the,meds,merrygoround,#bipolar,,,,,,,,,,,,,,,,,,
true,O,O,O,O,O,B-ADR,O,O,O,O,O,O,,,,,,,,,,,,,,,,,,
pred,O,O,O,O,O,B-ADR,O,O,O,O,B-ADR,O,,,,,,,,,,,,,,,,,,
skip, , , , , , , , , , , , ,,,,,,,,,,,,,,,,,,
word,day,2,without,nicotine,:,fuck,sleep,would,be,nice,.,so,would,a,dip......,.,,,,,,,,,,,,,,
true,O,O,O,O,O,O,B-ADR,O,O,O,O,O,O,O,O,O,,,,,,,,,,,,,,
pred,O,O,O,O,O,O,B-ADR,O,O,PAD,PAD,PAD,PAD,PAD,PAD,PAD,,,,,,,,,,,,,,
skip, , , , , , , , , , , , , , , , ,,,,,,,,,,,,,,
word,i,just,have,to,remember,that,what,i'm,feeling,is,the,withdrawal,from,the,venlafaxine,.,when,my,meds,come,",",i,will,get,better,.,,,,
true,O,O,O,O,O,O,O,O,O,O,O,B-ADR,O,O,O,O,O,O,O,O,O,O,O,O,O,O,,,,
pred,O,O,O,O,O,O,O,O,O,O,PAD,PAD,PAD,PAD,PAD,PAD,PAD,PAD,PAD,PAD,PAD,PAD,PAD,PAD,PAD,PAD,,,,
skip, , , , , , , , , , , , , , , , , , , , , , , , , , ,,,,
word,sent,my,lovely,compandre,to,fuel,my,nicotine,addiction,,,,,,,,,,,,,,,,,,,,,
true,O,O,O,O,O,O,O,O,B-ADR,,,,,,,,,,,,,,,,,,,,,
pred,O,O,O,O,O,O,O,O,B-ADR,,,,,,,,,,,,,,,,,,,,,
skip, , , , , , , , , ,,,,,,,,,,,,,,,,,,,,,
word,day,11,of,#rwrunstreak,completed,.,1.32,miles,of,walking,.,can't,run,even,if,i,could,because,of,cipro,.,also,day,4,of,mostly,raw,was,good,.
true,O,O,O,O,O,O,O,O,O,O,O,B-ADR,I-ADR,O,O,O,O,O,O,O,O,O,O,O,O,O,O,O,O,O
pred,O,O,O,O,O,O,O,O,O,O,O,O,O,O,O,O,O,O,PAD,PAD,PAD,PAD,PAD,PAD,PAD,PAD,PAD,PAD,PAD,PAD
skip, , , , , , , , , , , , , , , , , , , , , , , , , , , , , , 
word,@karims3d,olanzapine,actually,makes,you,put,on,weight,",",even,when,you,aren't,eating,that,much,,,,,,,,,,,,,,
true,O,O,O,O,O,B-ADR,I-ADR,I-ADR,O,O,O,O,O,O,O,O,,,,,,,,,,,,,,
pred,O,O,O,O,O,O,O,I-ADR,O,O,O,O,B-ADR,I-ADR,O,O,,,,,,,,,,,,,,
skip, , , , , , , , , , , , , , , , ,,,,,,,,,,,,,,
word,day,4,:,the,initial,lamotrigine,lethargy,kicked,in,the,day,before,exams,.,i,tell,myself,that,possible,failure,is,better,than,possible,death,.,,,,
true,O,O,O,O,O,O,B-ADR,O,O,O,O,O,O,O,O,O,O,O,O,O,O,O,O,O,O,O,,,,
pred,O,O,O,O,O,O,B-ADR,O,O,O,O,O,O,O,O,O,O,O,O,B-ADR,O,O,O,O,B-ADR,O,,,,
skip, , , , , , , , , , , , , , , , , , , , , , , , , , ,,,,
word,@fergaroo,thanks,:,),i,so,wanted,venlafaxine,to,work,cos,at,least,it,didn�t,increase,my,appetite,like,citalopram,did,.,,,,,,,,
true,O,O,O,O,O,O,O,O,O,O,O,O,O,O,O,B-ADR,I-ADR,I-ADR,O,O,O,O,,,,,,,,
pred,O,O,O,O,O,O,O,O,O,O,O,O,O,O,O,O,O,I-ADR,O,O,O,O,,,,,,,,
skip, , , , , , , , , , , , , , , , , , , , , , ,,,,,,,,
word,@jessbarrett227,taking,someone,off,150mg,off,seroquel,",",mixing,it,with,olanzapine,in,2,wks,causes,psychosis,-,a,proper,assess,was,not,done,.,,,,,
true,O,O,O,O,O,O,O,O,O,O,O,O,O,O,O,O,B-ADR,O,O,O,O,O,O,O,O,,,,,
pred,O,O,O,O,O,O,O,O,O,O,O,O,O,O,O,O,B-ADR,O,O,O,O,O,O,O,O,,,,,
skip, , , , , , , , , , , , , , , , , , , , , , , , , ,,,,,
word,when,the,depression,is,coming,out,caused,by,this,damn,levofloxacin,:,)),,,,,,,,,,,,,,,,,
true,O,O,B-ADR,O,O,O,O,O,O,O,O,O,O,,,,,,,,,,,,,,,,,
pred,O,O,B-ADR,O,B-ADR,I-ADR,O,O,O,O,O,O,O,,,,,,,,,,,,,,,,,
skip, , , , , , , , , , , , , ,,,,,,,,,,,,,,,,,
word,@epilepsyadvice,on,lamictal,",",chemist,giving,me,there,own,brand,med,lamotrigine,when,lamictal,not,available..side,effect,problems..raging,!,,,,,,,,,,,
true,O,O,O,O,O,O,O,O,O,O,O,O,O,O,O,O,O,B-ADR,O,,,,,,,,,,,
pred,O,O,O,O,O,O,O,O,O,O,O,O,O,O,O,O,O,O,O,,,,,,,,,,,
skip, , , , , , , , , , , , , , , , , , , ,,,,,,,,,,,
word,@catthoma,right,",",some,ssris,are,used,for,cataplexy,",",as,is,effexor,.,can,be,tricky,to,wean,off,without,rebound,.,#nchat,,,,,,
true,O,O,O,O,O,O,O,O,O,O,O,O,O,O,O,O,O,O,O,O,O,B-ADR,O,O,,,,,,
pred,O,O,O,O,O,O,O,O,O,O,O,O,O,O,O,O,O,O,B-ADR,O,O,O,O,O,,,,,,
skip, , , , , , , , , , , , , , , , , , , , , , , , ,,,,,,
word,nicotine,headache,!,#notcool,,,,,,,,,,,,,,,,,,,,,,,,,,
true,O,B-ADR,O,O,,,,,,,,,,,,,,,,,,,,,,,,,,
pred,O,B-ADR,O,O,,,,,,,,,,,,,,,,,,,,,,,,,,
skip, , , , ,,,,,,,,,,,,,,,,,,,,,,,,,,
word,#effexor,#withdrawl,is,a,monster,that,i,have,taken,by,the,horns,and,am,wrestling,to,the,ground...this,time,i,am,winning,!,7thdayfree,,,,,,
true,O,B-ADR,O,O,O,O,O,O,O,O,O,O,O,O,O,O,O,O,O,O,O,O,O,O,,,,,,
pred,O,O,O,O,O,O,O,O,O,O,O,PAD,PAD,PAD,PAD,PAD,PAD,PAD,PAD,PAD,PAD,PAD,PAD,PAD,,,,,,
skip, , , , , , , , , , , , , , , , , , , , , , , , ,,,,,,
word,popped,a,vyvanse,i'm,tweaking,.,whoop,,,,,,,,,,,,,,,,,,,,,,,
true,O,O,O,O,B-ADR,O,O,,,,,,,,,,,,,,,,,,,,,,,
pred,O,O,O,O,B-ADR,O,B-ADR,,,,,,,,,,,,,,,,,,,,,,,
skip, , , , , , , ,,,,,,,,,,,,,,,,,,,,,,,
word,today,was,hard,-,arguing,with,a,professional,.,was,told,seroquel,doesn�t,make,you,put,on,weight,-,i,and,my,extra,20kg,beg,to,differ,.,,
true,O,O,O,O,O,O,O,O,O,O,O,O,O,O,O,B-ADR,I-ADR,I-ADR,O,O,O,O,B-ADR,I-ADR,O,O,O,O,,
pred,O,O,O,O,O,O,O,O,O,O,O,O,O,O,O,B-ADR,I-ADR,I-ADR,O,O,O,O,O,PAD,PAD,PAD,PAD,PAD,,
skip, , , , , , , , , , , , , , , , , , , , , , , , , , , , ,,
word,does,anyone,on,#tysabri,get,flu,iike,symptoms,",",aches,and,pains,",",shivers,a,sweats,i,seem,to,get,it,about,a,week,or,so,after,i've,had,infusion
true,O,O,O,O,O,B-ADR,I-ADR,I-ADR,O,B-ADR,I-ADR,I-ADR,O,B-ADR,O,B-ADR,O,O,O,O,O,O,O,O,O,O,O,O,O,O
pred,O,O,O,O,O,O,O,O,O,B-ADR,O,B-ADR,O,O,O,B-ADR,O,O,O,O,O,PAD,PAD,PAD,PAD,PAD,PAD,PAD,PAD,PAD
skip, , , , , , , , , , , , , , , , , , , , , , , , , , , , , , 
word,i,used,to,be,on,paxil,but,that,made,me,more,depressed,and,prozac,made,me,angry,,,,,,,,,,,,,
true,O,O,O,O,O,O,O,O,O,O,O,B-ADR,O,O,O,O,B-ADR,,,,,,,,,,,,,
pred,O,O,O,O,O,O,O,O,O,O,O,B-ADR,O,O,O,O,B-ADR,,,,,,,,,,,,,
skip, , , , , , , , , , , , , , , , , ,,,,,,,,,,,,,
word,@kirkby007,#hcsm,i,start,#chemo,on,tues,b/c,of,#humira,so,i,know,.,it,helped,but,it,then,destroyed,my,lungs,.,,,,,,,
true,O,O,O,O,B-ADR,O,O,O,O,O,O,O,O,O,O,O,O,O,O,B-ADR,I-ADR,I-ADR,O,,,,,,,
pred,O,O,O,O,B-ADR,O,O,O,O,O,O,O,O,O,O,O,O,O,O,B-ADR,I-ADR,I-ADR,O,,,,,,,
skip, , , , , , , , , , , , , , , , , , , , , , , ,,,,,,,
word,@christal_l,that's,the,problem,with,most,of,them,-,side,effects,.,i,was,on,paxil,after,my,mom,died,and,"	,	nnp	o
	",it,"	,	vbz	o
	",stopped,working,.,fuck,that,.
true,O,O,O,O,O,O,O,O,O,O,O,O,O,O,O,O,O,O,O,O,O,O,O,O,B-ADR,I-ADR,O,O,O,O
pred,O,O,O,O,O,O,O,O,O,O,O,O,O,PAD,PAD,PAD,PAD,PAD,PAD,PAD,PAD,PAD,PAD,PAD,PAD,PAD,PAD,PAD,PAD,PAD
skip, , , , , , , , , , , , , , , , , , , , , , , , , , , , , , 
word,seroquel,will,make,you,sleep,for,12,hours,.,,,,,,,,,,,,,,,,,,,,,
true,O,O,O,O,B-ADR,I-ADR,I-ADR,I-ADR,O,,,,,,,,,,,,,,,,,,,,,
pred,O,O,O,O,B-ADR,I-ADR,I-ADR,I-ADR,O,,,,,,,,,,,,,,,,,,,,,
skip, , , , , , , , , ,,,,,,,,,,,,,,,,,,,,,
word,@aaronm,effexor,was,a,boner,killer,",",absolutely,.,welbutrin,goes,the,other,way,.,,,,,,,,,,,,,,,
true,O,O,O,O,B-ADR,I-ADR,O,O,O,O,O,O,O,O,O,,,,,,,,,,,,,,,
pred,O,O,O,O,O,B-ADR,O,O,O,B-ADR,O,O,O,O,O,,,,,,,,,,,,,,,
skip, , , , , , , , , , , , , , , ,,,,,,,,,,,,,,,
word,@ecrjones,coming,off,lamotrigine,has,been,as,bad,as,going,up,on,it,.,poorly,tummy,",",tiredness,",",feeling,disconnected,,,,,,,,,
true,O,O,O,O,O,O,O,O,O,O,O,O,O,O,O,B-ADR,O,B-ADR,O,O,B-ADR,,,,,,,,,
pred,O,B-ADR,O,O,PAD,PAD,PAD,PAD,PAD,PAD,PAD,PAD,PAD,PAD,PAD,PAD,PAD,PAD,PAD,PAD,PAD,,,,,,,,,
skip, , , , , , , , , , , , , , , , , , , , , ,,,,,,,,,
word,why,do,i,always,get,the,seroquel,munchies,!,?,,,,,,,,,,,,,,,,,,,,
true,O,O,O,O,O,O,O,B-ADR,O,O,,,,,,,,,,,,,,,,,,,,
pred,O,O,O,O,O,O,O,B-ADR,O,O,,,,,,,,,,,,,,,,,,,,
skip, , , , , , , , , , ,,,,,,,,,,,,,,,,,,,,
word,@psychiatrysho,partly,true,but,olanzapine,is,the,worst,ever,for,inducing,carb,cravings,for,some,unfortunate,ppl,serequel,and,clozaril,a,2nd,,,,,,,,
true,O,O,O,O,O,O,O,O,O,O,O,B-ADR,I-ADR,O,O,O,O,O,O,O,O,O,,,,,,,,
pred,O,O,O,O,O,O,O,O,O,O,O,B-ADR,I-ADR,O,O,O,O,O,O,B-ADR,O,O,,,,,,,,
skip, , , , , , , , , , , , , , , , , , , , , , ,,,,,,,,
word,�@dipndots95,:,my,vyvanse,makes,me,nocturnal,?,?,�,,,,,,,,,,,,,,,,,,,,
true,O,O,O,O,B-ADR,I-ADR,I-ADR,O,O,O,,,,,,,,,,,,,,,,,,,,
pred,O,O,O,O,O,O,B-ADR,O,O,O,,,,,,,,,,,,,,,,,,,,
skip, , , , , , , , , , ,,,,,,,,,,,,,,,,,,,,
word,guess,i'm,allergic,to,cipro..,.,,,,,,,,,,,,,,,,,,,,,,,,
true,O,O,B-ADR,O,O,O,,,,,,,,,,,,,,,,,,,,,,,,
pred,O,O,B-ADR,O,O,O,,,,,,,,,,,,,,,,,,,,,,,,
skip, , , , , , ,,,,,,,,,,,,,,,,,,,,,,,,
word,@fleer09,:,playing,league,while,on,vyvanse,is,too,damn,stressful,.,back,to,public,i,go,!,,,,,,,,,,,,
true,O,O,O,O,O,O,O,O,O,O,B-ADR,O,O,O,O,O,O,O,,,,,,,,,,,,
pred,O,O,O,O,O,O,O,O,O,O,B-ADR,O,O,O,O,O,O,O,,,,,,,,,,,,
skip, , , , , , , , , , , , , , , , , , ,,,,,,,,,,,,
word,exhausted...can't,fall,asleep,.,don't,wanna,take,a,trazadone,and,wake,up,hungover,.,#sleepdisorderproblems,,,,,,,,,,,,,,,
true,O,O,O,O,O,O,O,O,O,O,O,O,B-ADR,O,O,,,,,,,,,,,,,,,
pred,O,O,O,O,O,O,O,O,O,O,O,O,B-ADR,O,O,,,,,,,,,,,,,,,
skip, , , , , , , , , , , , , , , ,,,,,,,,,,,,,,,
word,@remiamaka,it,wasn't,an,easy,victory,though,.,felt,like,chemo,with,the,cipro,.,as,for,the,heart,",",i,meant,for,study,purposes,.,,,,
true,O,O,O,O,O,O,O,O,B-ADR,I-ADR,I-ADR,O,O,O,O,O,O,O,O,O,O,O,O,O,O,O,,,,
pred,O,O,O,O,O,O,O,O,O,O,O,O,O,O,O,O,O,O,O,O,O,O,O,O,O,PAD,,,,
skip, , , , , , , , , , , , , , , , , , , , , , , , , , ,,,,
word,ooooop,.,anyone,know,if,amoxicillin,and,pregabalin,have,an,interaction,?,never,had,one,with,fluoxetine,and,losartan..,.,so,dizzy,!,,,,,,,
true,O,O,O,O,O,O,O,O,O,O,B-ADR,O,O,O,O,O,O,O,O,O,O,B-ADR,O,,,,,,,
pred,O,O,O,O,O,O,O,O,O,O,O,O,O,O,O,O,O,O,O,O,O,B-ADR,O,,,,,,,
skip, , , , , , , , , , , , , , , , , , , , , , , ,,,,,,,
word,i,resent,taking,olanzapine,as,it,is,the,side,effects,of,olanzapine,that,were,mistaken,for,negative,symptoms,of,schizophrenia,,,,,,,,,,
true,O,O,O,O,O,O,O,O,O,O,O,O,O,O,O,O,O,B-ADR,I-ADR,I-ADR,,,,,,,,,,
pred,O,O,O,O,O,O,O,O,O,O,O,O,PAD,PAD,PAD,PAD,PAD,PAD,PAD,PAD,,,,,,,,,,
skip, , , , , , , , , , , , , , , , , , , , ,,,,,,,,,,
word,i,didn't,expect,that,going,off,of,paxil,would,make,me,want,to,look,at,my,farrah,fawcett,poster,quite,so,much,.,,,,,,,
true,O,O,O,O,O,O,O,O,O,O,O,O,O,B-ADR,I-ADR,I-ADR,I-ADR,I-ADR,I-ADR,O,O,O,O,,,,,,,
pred,O,O,O,O,O,O,O,O,O,O,O,O,O,O,O,O,O,O,O,O,O,O,O,,,,,,,
skip, , , , , , , , , , , , , , , , , , , , , , , ,,,,,,,
word,cymbalta,makes,me,thirsty,to,the,point,where,my,mouth,is,painfully,dry,.,it,feels,like,the,sahara,desert,in,my,mouth,.,,,,,,
true,O,O,O,B-ADR,O,O,O,O,O,B-ADR,I-ADR,I-ADR,I-ADR,O,O,B-ADR,I-ADR,I-ADR,I-ADR,I-ADR,I-ADR,I-ADR,I-ADR,O,,,,,,
pred,O,O,O,B-ADR,O,O,O,O,O,B-ADR,O,O,I-ADR,O,O,O,O,O,B-ADR,I-ADR,O,O,O,O,,,,,,
skip, , , , , , , , , , , , , , , , , , , , , , , , ,,,,,,
word,my,creativity,was,blocked,by,lithium,and,prozac,and,wellbutrin,and,paxil,and,zoloft,and,effexor,and,lexapro,and,cymbalta,and,abilify-,,,,,,,,
true,O,B-ADR,I-ADR,I-ADR,O,O,O,O,O,O,O,O,O,O,O,O,O,O,O,O,O,O,,,,,,,,
pred,O,B-ADR,O,O,O,O,O,O,O,O,O,O,O,O,O,O,O,O,O,O,O,O,,,,,,,,
skip, , , , , , , , , , , , , , , , , , , , , , ,,,,,,,,
word,rt,@vyvanseswag,:,i,don't,know,whether,my,vyvanse,caused,my,caffeine,addiction,or,caffeine,caused,my,vyvanse,addiction,.,,,,,,,,,,
true,O,O,O,O,O,O,O,O,O,O,O,O,B-ADR,O,O,O,O,O,O,O,,,,,,,,,,
pred,O,O,O,O,O,O,O,O,O,O,O,O,B-ADR,O,O,O,O,O,O,O,,,,,,,,,,
skip, , , , , , , , , , , , , , , , , , , , ,,,,,,,,,,
word,the,100mg,tabs,of,trazodone,my,gp,prescribed,are,too,much,",",now,that,i,don't,take,them,every,night,.,still,zombieish,after,an,hour,awake,.,,
true,O,O,O,O,O,O,O,O,O,O,O,O,O,O,O,O,O,O,O,O,O,O,B-ADR,O,O,O,O,O,,
pred,O,O,O,O,O,O,O,O,O,PAD,PAD,PAD,PAD,PAD,PAD,PAD,PAD,PAD,PAD,PAD,PAD,PAD,PAD,PAD,PAD,PAD,PAD,PAD,,
skip, , , , , , , , , , , , , , , , , , , , , , , , , , , , ,,
word,@any1mouse,jus,gt,bck,myself,",",hes,put,me,on,citalopram,in,addition,2,the,quetiapine,!,im,a,bit,worried,as,citalopram,has,made,me,manic,before,,
true,O,O,O,O,O,O,O,O,O,O,O,O,O,O,O,O,O,O,O,O,O,O,O,O,O,O,B-ADR,O,,
pred,O,O,O,O,O,O,O,O,PAD,PAD,PAD,PAD,PAD,PAD,PAD,PAD,PAD,PAD,PAD,PAD,PAD,PAD,PAD,PAD,PAD,PAD,PAD,PAD,,
skip, , , , , , , , , , , , , , , , , , , , , , , , , , , , ,,
word,@kickdblcj,they,increased,my,celexa,.,took,me,off,seroquel,because,it,was,screwing,with,my,memory,.,i,go,back,in,two,weeks,to,see,how,its,goin,
true,O,O,O,O,O,O,O,O,O,O,O,O,O,B-ADR,I-ADR,I-ADR,I-ADR,O,O,O,O,O,O,O,O,O,O,O,O,
pred,O,O,O,O,O,O,O,O,O,O,O,O,O,B-ADR,I-ADR,I-ADR,I-ADR,O,O,O,O,O,O,O,O,O,O,PAD,PAD,
skip, , , , , , , , , , , , , , , , , , , , , , , , , , , , , ,
word,finally,got,my,vyvanse,today,",",now,i,can,go,back,to,hating,food,.,ha,,,,,,,,,,,,,,
true,O,O,O,O,O,O,O,O,O,O,O,O,B-ADR,I-ADR,O,O,,,,,,,,,,,,,,
pred,O,O,O,O,O,O,O,O,O,O,O,O,PAD,PAD,PAD,PAD,,,,,,,,,,,,,,
skip, , , , , , , , , , , , , , , , ,,,,,,,,,,,,,,
word,@_katball,natural,don't,work,for,me,",",try,300mg,of,seroquel...you'll,sleep,for,days,",",i,have,insomnia,that's,what,they,give,me,lol,,,,,,
true,O,O,O,O,O,O,O,O,O,O,O,B-ADR,I-ADR,I-ADR,O,O,O,O,O,O,O,O,O,O,,,,,,
pred,O,O,O,O,O,O,O,O,O,O,O,B-ADR,I-ADR,I-ADR,O,O,O,B-ADR,O,O,O,O,O,O,,,,,,
skip, , , , , , , , , , , , , , , , , , , , , , , , ,,,,,,
word,i,took,my,trazodone,like,an,hour,ago,and,i,can,barely,keep,my,eyes,open,and,i,need,to,finish,homeworrrkkk,,,,,,,,
true,O,O,O,O,O,O,O,O,O,O,O,B-ADR,I-ADR,I-ADR,I-ADR,I-ADR,O,O,O,O,O,O,,,,,,,,
pred,O,O,O,O,O,O,O,O,O,O,B-ADR,PAD,PAD,PAD,PAD,PAD,PAD,PAD,PAD,PAD,PAD,PAD,,,,,,,,
skip, , , , , , , , , , , , , , , , , , , , , , ,,,,,,,,
word,@gastromom,the,only,pt,of,mine,who,ever,died,was,one,age,21,profound,autism,chronic,underwt,&,gi,issues,",",given,lots,of,cipro,.,terrible,,,
true,O,O,O,O,O,O,O,O,B-ADR,O,O,O,O,O,O,O,O,O,O,O,O,O,O,O,O,O,O,,,
pred,O,O,O,O,O,O,O,O,O,O,O,O,O,O,B-ADR,O,O,O,O,O,O,O,PAD,PAD,PAD,PAD,PAD,,,
skip, , , , , , , , , , , , , , , , , , , , , , , , , , , ,,,
word,people,taking,#quetiapine,-,does,this,need,to,sleep,24/7,go,eventually,?,cos,this,is,not,sustainable,beyond,the,short,term,.,,,,,,,
true,O,O,O,O,O,O,B-ADR,I-ADR,I-ADR,I-ADR,O,O,O,O,O,O,O,O,O,O,O,O,O,,,,,,,
pred,O,O,O,O,O,O,O,O,B-ADR,O,O,O,O,PAD,PAD,PAD,PAD,PAD,PAD,PAD,PAD,PAD,PAD,,,,,,,
skip, , , , , , , , , , , , , , , , , , , , , , , ,,,,,,,
word,baclofen,gives,me,a,head,high,but,it,makes,me,feel,like,throwing,up,after,.,ugh,.,#thestruggle,,,,,,,,,,,
true,O,O,O,O,O,B-ADR,O,O,O,O,B-ADR,I-ADR,I-ADR,I-ADR,O,O,O,O,O,,,,,,,,,,,
pred,O,O,O,O,O,O,O,O,O,O,B-ADR,I-ADR,I-ADR,PAD,PAD,PAD,PAD,PAD,PAD,,,,,,,,,,,
skip, , , , , , , , , , , , , , , , , , , ,,,,,,,,,,,
word,@kierarampton,it's,called,lamotrigine,",",i'm,pretty,sure,the,mix,of,them,both,is,making,me,sick,.,i,don't,think,bipolar,&,add,mix,very,well.,.,,
true,O,O,O,O,O,O,O,O,O,O,O,O,O,O,O,O,B-ADR,O,O,O,O,O,O,O,O,O,O,O,,
pred,O,O,O,O,O,O,O,O,O,O,O,O,O,O,O,O,PAD,PAD,PAD,PAD,PAD,PAD,PAD,PAD,PAD,PAD,PAD,PAD,,
skip, , , , , , , , , , , , , , , , , , , , , , , , , , , , ,,
word,@privacy625,@sandycolon25,the,seroquel,is,addictive,a,d,they,deny,it,.,,,,,,,,,,,,,,,,,,
true,O,O,O,O,O,B-ADR,O,O,O,O,O,O,,,,,,,,,,,,,,,,,,
pred,O,O,O,O,O,B-ADR,O,O,O,B-ADR,O,O,,,,,,,,,,,,,,,,,,
skip, , , , , , , , , , , , ,,,,,,,,,,,,,,,,,,
word,sick,of,feeling,tired,.,fed,up,of,meds,not,working,.,loads,to,do,today,&,no,freaking,motivation,or,energy,#venlafaxine,#day9,,,,,,
true,O,O,O,B-ADR,O,O,O,O,O,O,O,O,O,O,O,O,O,B-ADR,I-ADR,I-ADR,O,B-ADR,O,O,,,,,,
pred,O,O,O,B-ADR,O,O,O,O,O,O,O,O,O,O,O,O,O,O,O,PAD,PAD,PAD,PAD,PAD,,,,,,
skip, , , , , , , , , , , , , , , , , , , , , , , , ,,,,,,
word,pretty,sure,my,vyvanse,is,making,me,dizzy,and,making,my,chest,hurt,.,?,,,,,,,,,,,,,,,
true,O,O,O,O,O,O,O,B-ADR,O,O,O,B-ADR,I-ADR,O,O,,,,,,,,,,,,,,,
pred,O,O,O,O,O,O,O,B-ADR,O,B-ADR,PAD,PAD,PAD,PAD,PAD,,,,,,,,,,,,,,,
skip, , , , , , , , , , , , , , , ,,,,,,,,,,,,,,,
word,then,the,viibryd,it,will,be,the,hardest,.,makes,you,very,ill,.,hospital,ill,.,,,,,,,,,,,,,
true,O,O,O,O,B-ADR,O,O,O,O,O,O,O,O,O,O,O,O,,,,,,,,,,,,,
pred,O,O,O,O,O,O,O,O,O,O,O,O,B-ADR,O,O,B-ADR,O,,,,,,,,,,,,,
skip, , , , , , , , , , , , , , , , , ,,,,,,,,,,,,,
word,@thebeachynurse,...had,to,get,an,x-ray,of,my,arm,per,protocol...it,was,negative,but,it's,just,now,starting,to,hurt,.,ugh,!,!,!,!,#geodon,,,
true,O,O,O,O,O,O,O,O,O,O,O,O,O,O,O,O,O,O,O,B-ADR,O,O,O,O,O,O,O,,,
pred,O,O,O,O,O,B-ADR,O,O,B-ADR,O,O,O,O,O,O,O,O,O,O,PAD,PAD,PAD,PAD,PAD,PAD,PAD,PAD,,,
skip, , , , , , , , , , , , , , , , , , , , , , , , , , , ,,,
word,time,for,my,commute,.,wondering,if,i'm,going,to,cope,with,this,everyday,.,it's,like,wading,through,treacle,getting,up,so,early,on,olanzapine,,,,
true,O,O,O,O,O,O,O,O,O,O,O,O,O,O,O,O,B-ADR,I-ADR,I-ADR,I-ADR,I-ADR,I-ADR,O,O,O,O,,,,
pred,O,O,O,O,O,O,O,O,O,O,O,O,O,O,O,O,O,O,O,PAD,PAD,PAD,PAD,PAD,PAD,PAD,,,,
skip, , , , , , , , , , , , , , , , , , , , , , , , , , ,,,,
word,@bayerusnews,sure,is,!,i,no,longer,even,own,a,car,after,being,crippled,by,cipro,(a,bayer,product,!,),.,who,needs,a,car,when,you,can't,walk
true,O,O,O,O,O,O,O,O,O,O,O,O,O,B-ADR,O,O,O,O,O,O,O,O,O,O,O,O,O,O,B-ADR,I-ADR
pred,O,O,O,O,O,O,O,O,O,O,O,O,O,B-ADR,O,O,O,O,O,O,O,O,O,O,O,PAD,PAD,PAD,PAD,PAD
skip, , , , , , , , , , , , , , , , , , , , , , , , , , , , , , 
word,@wielding,my,friends,are,annoying,me,and,i'm,having,withdrawls,from,the,paxil,because,american,healthcare,is,a,joke,:,(,,,,,,,,,
true,O,O,O,O,O,O,O,O,O,B-ADR,O,O,O,O,O,O,O,O,O,O,O,,,,,,,,,
pred,O,O,O,O,O,O,O,O,O,B-ADR,O,O,O,O,O,B-ADR,O,O,O,O,O,,,,,,,,,
skip, , , , , , , , , , , , , , , , , , , , , ,,,,,,,,,
word,me,too,.,i,used,to,call,geodon,the,potato,drug,bcuz,that's,what,i,looked,like,after,just,5,weeks,on,it.,.,@beyondmeds,@medskep,,,,
true,O,O,O,O,O,O,O,O,O,B-ADR,I-ADR,I-ADR,I-ADR,I-ADR,I-ADR,I-ADR,I-ADR,O,O,O,O,O,O,O,O,O,,,,
pred,O,O,O,O,O,O,O,O,O,O,O,O,O,O,O,O,O,O,PAD,PAD,PAD,PAD,PAD,PAD,PAD,PAD,,,,
skip, , , , , , , , , , , , , , , , , , , , , , , , , , ,,,,
word,@carolewhelan,i,find,the,baclofen,worse,",",it,has,left,me,in,a,tired/sleepy,fog,all,day,-,the,codeine,i,can,(mostly),deal,with,.,,,,
true,O,O,O,O,O,O,O,O,O,O,O,O,O,B-ADR,I-ADR,O,O,O,O,O,O,O,O,O,O,O,,,,
pred,O,O,O,O,O,O,O,O,O,O,O,O,O,O,B-ADR,O,O,O,O,O,O,PAD,PAD,PAD,PAD,PAD,,,,
skip, , , , , , , , , , , , , , , , , , , , , , , , , , ,,,,
word,i,can't,wait,to,go,get,my,anti,nauaea,meds,tonight,.,i,feel,like,shit,.,humira,is,definitely,kicking,my,ass,but,my,skin,lools,great,.,
true,O,O,O,O,O,O,O,O,B-ADR,O,O,O,O,O,O,O,O,O,O,O,B-ADR,I-ADR,I-ADR,O,O,O,O,O,O,
pred,O,O,O,O,O,O,O,O,O,O,O,O,O,B-ADR,I-ADR,I-ADR,O,O,O,O,O,PAD,PAD,PAD,PAD,PAD,PAD,PAD,PAD,
skip, , , , , , , , , , , , , , , , , , , , , , , , , , , , , ,
word,dr,.,kyrillos,:,of,ssris,",",paxil,has,the,greatest,assoc,with,#weight,gain,.,rx,with,caution,in,pts,with,presenting,weight,issues,.,#paipip,#qi,,
true,O,O,O,O,O,O,O,O,O,O,O,O,O,B-ADR,I-ADR,O,O,O,O,O,O,O,O,O,O,O,O,O,,
pred,O,O,O,O,O,PAD,PAD,PAD,PAD,PAD,PAD,PAD,PAD,PAD,PAD,PAD,PAD,PAD,PAD,PAD,PAD,PAD,PAD,PAD,PAD,PAD,PAD,PAD,,
skip, , , , , , , , , , , , , , , , , , , , , , , , , , , , ,,
word,@renegade_snare,@ibdtweet,i,feel,your,pain,:,(,just,got,1st,#fistula,urgh,!,humira,worked,for,me,for,just,3months,then,got,painful,reactions,,,,,
true,O,O,O,O,O,O,O,O,O,O,O,B-ADR,O,O,O,O,O,O,O,O,O,O,O,B-ADR,I-ADR,,,,,
pred,O,O,O,O,O,O,O,O,O,O,O,O,O,O,O,O,O,O,O,PAD,PAD,PAD,PAD,PAD,PAD,,,,,
skip, , , , , , , , , , , , , , , , , , , , , , , , , ,,,,,
word,seriously,haven't,ate,one,thing,all,damn,day.,.,#vyvanse,#add,#damn,,,,,,,,,,,,,,,,,,
true,O,B-ADR,I-ADR,O,O,O,O,O,O,O,O,O,,,,,,,,,,,,,,,,,,
pred,O,O,B-ADR,O,O,O,O,O,O,O,O,O,,,,,,,,,,,,,,,,,,
skip, , , , , , , , , , , , ,,,,,,,,,,,,,,,,,,
word,do,the,people,that,make,the,blu,e-cig,not,fucking,understand,what,addiction,to,nicotine,is,?,!,where,is,it,already,,,,,,,,
true,O,O,O,O,O,O,O,O,O,O,O,O,B-ADR,O,O,O,O,O,O,O,O,O,,,,,,,,
pred,O,O,O,O,O,O,O,O,B-ADR,O,O,O,B-ADR,O,O,O,O,O,O,O,O,O,,,,,,,,
skip, , , , , , , , , , , , , , , , , , , , , , ,,,,,,,,
word,@princeherb,i,had,paroxetine,for,a,few,weeks,once..,.,apparently,i,started,behaving,oddly,so,they,took,me,off,it,and,put,me,on,sertraline,,,,
true,O,O,O,O,O,O,O,O,O,O,O,O,O,B-ADR,I-ADR,O,O,O,O,O,O,O,O,O,O,O,,,,
pred,O,O,PAD,PAD,PAD,PAD,PAD,PAD,PAD,PAD,PAD,PAD,PAD,PAD,PAD,PAD,PAD,PAD,PAD,PAD,PAD,PAD,PAD,PAD,PAD,PAD,,,,
skip, , , , , , , , , , , , , , , , , , , , , , , , , , ,,,,
word,rt,@ho0driiich,:,i,hate,how,vyvanse,makes,me,over,think,everything,and,it,makes,me,angry,about,things,that,i,shouldn't,even,be,angry,about,,,,
true,O,O,O,O,O,O,O,O,O,B-ADR,I-ADR,O,O,O,O,O,B-ADR,O,O,O,O,O,O,O,O,O,,,,
pred,O,O,O,O,O,O,O,O,O,B-ADR,I-ADR,O,O,O,O,O,B-ADR,O,O,O,O,O,O,O,O,O,,,,
skip, , , , , , , , , , , , , , , , , , , , , , , , , , ,,,,
word,i,had,the,two,humira,shots,today,and,the,needle,didnt,hurt,at,all,but,the,medicine,inside,burned,like,lava,,,,,,,,,
true,O,O,O,O,O,O,O,O,O,O,O,O,O,O,O,O,O,O,B-ADR,O,O,,,,,,,,,
pred,O,O,O,O,O,O,O,O,O,B-ADR,O,O,O,O,O,O,O,O,B-ADR,I-ADR,O,,,,,,,,,
skip, , , , , , , , , , , , , , , , , , , , , ,,,,,,,,,
word,#twothingsthatdontmixwell,venlafaxine,and,alcohol-,you'll,cry,and,throw,chairs,at,your,mom's,bbq,.,,,,,,,,,,,,,,,,
true,O,O,O,O,O,B-ADR,O,B-ADR,I-ADR,O,O,O,O,O,,,,,,,,,,,,,,,,
pred,O,O,O,O,O,B-ADR,O,B-ADR,I-ADR,O,O,O,O,O,,,,,,,,,,,,,,,,
skip, , , , , , , , , , , , , , ,,,,,,,,,,,,,,,,
word,20.12,day,15,rivaroxaban,diary,.,haven't,yet,taken,today's,tablet,.,will,when,i,eat,.,still,intense,lower,back,pain,from,yesterday's,tablet,.,,,,
true,O,O,O,O,O,O,O,O,O,O,O,O,O,O,O,O,O,O,O,O,B-ADR,I-ADR,O,O,O,O,,,,
pred,O,O,O,O,O,O,O,O,O,O,O,O,O,O,O,O,O,O,O,PAD,PAD,PAD,PAD,PAD,PAD,PAD,,,,
skip, , , , , , , , , , , , , , , , , , , , , , , , , , ,,,,
word,so,it,seems,that,if,i,take,#venlafaxine,in,am,i,am,drowsy,all,day,.,if,i,take,in,pm,i,don�t,sleep,well,.,go,figure,.,#day14
true,O,O,O,O,O,O,O,O,O,O,O,O,B-ADR,O,O,O,O,O,O,O,O,O,B-ADR,I-ADR,I-ADR,O,O,O,O,O
pred,O,O,O,O,O,O,O,O,O,O,O,PAD,PAD,PAD,PAD,PAD,PAD,PAD,PAD,PAD,PAD,PAD,PAD,PAD,PAD,PAD,PAD,PAD,PAD,PAD
skip, , , , , , , , , , , , , , , , , , , , , , , , , , , , , , 
word,food,doesn't,help,for,energy,",",not,sure,how,to,get,some,get,up,and,go,!,#newmeds,#quetiapine,#bipolar,,,,,,,,,,
true,O,O,O,O,B-ADR,O,O,O,O,O,O,O,O,O,O,O,O,O,O,O,,,,,,,,,,
pred,O,O,O,O,O,O,O,O,O,O,O,O,I-ADR,I-ADR,O,O,O,O,O,O,,,,,,,,,,
skip, , , , , , , , , , , , , , , , , , , , ,,,,,,,,,,
word,only,problem,is,i'm,hungry,.,seroquel,nation,hunger,:,(,,,,,,,,,,,,,,,,,,,
true,O,O,O,O,B-ADR,O,O,O,B-ADR,O,O,,,,,,,,,,,,,,,,,,,
pred,O,O,O,O,O,O,O,B-ADR,I-ADR,O,O,,,,,,,,,,,,,,,,,,,
skip, , , , , , , , , , , ,,,,,,,,,,,,,,,,,,,
word,hmm,",",interesting,.,i,may,have,been,undergoing,baclofen,withdrawal,hence,the,anxiety,for,the,past,few,months�,#hypochondria,,,,,,,,,,
true,O,O,O,O,O,O,O,O,O,O,B-ADR,O,O,B-ADR,O,O,O,O,O,B-ADR,,,,,,,,,,
pred,O,O,O,O,O,O,O,O,O,O,B-ADR,O,O,B-ADR,PAD,PAD,PAD,PAD,PAD,PAD,,,,,,,,,,
skip, , , , , , , , , , , , , , , , , , , , ,,,,,,,,,,
word,@halfabear,@eabendies,yeah,pregabalin,calms,my,bipolar,ii,too,-,but,not,in,the,numbing,way,that,prozac,does,.,,,,,,,,,,
true,O,O,O,O,O,O,O,O,O,O,O,O,O,O,B-ADR,O,O,O,O,O,,,,,,,,,,
pred,O,O,O,O,O,O,O,O,O,O,O,O,O,O,O,PAD,PAD,PAD,PAD,PAD,,,,,,,,,,
skip, , , , , , , , , , , , , , , , , , , , ,,,,,,,,,,
word,packing,whilst,experiencing,venlafaxine,withdrawal,is,pretty,hellish,.,got,to,keep,track,of,my,med,times,.,,,,,,,,,,,,
true,O,O,O,O,B-ADR,O,O,O,O,O,O,O,O,O,O,O,O,O,,,,,,,,,,,,
pred,O,O,O,O,B-ADR,O,O,O,O,O,O,O,O,O,O,O,O,O,,,,,,,,,,,,
skip, , , , , , , , , , , , , , , , , , ,,,,,,,,,,,,
word,a,big,ol',fuck,you,to,my,doctor,for,not,telling,me,a,side,effect,of,metoprolol,was,depression,.,just,wait,until,i,see,you,friday,-.-,,
true,O,O,O,O,O,O,O,O,O,O,O,O,O,O,O,O,O,O,B-ADR,I-ADR,O,O,O,O,O,O,O,O,,
pred,O,O,O,O,O,O,O,O,O,O,O,O,O,O,O,O,O,O,B-ADR,O,O,O,O,O,O,O,PAD,PAD,,
skip, , , , , , , , , , , , , , , , , , , , , , , , , , , , ,,
word,had,a,great,few,hours,on,my,bike,but,exercise,drives,my,#olanzapine,munchies,.,getting,fed,up,with,not,being,able,to,fit,into,summer,wardrobe,,,
true,O,O,O,O,O,O,O,O,O,O,O,O,O,B-ADR,O,O,O,O,O,B-ADR,I-ADR,I-ADR,I-ADR,I-ADR,I-ADR,I-ADR,I-ADR,,,
pred,O,O,O,O,O,O,O,O,O,O,O,O,O,B-ADR,PAD,PAD,PAD,PAD,PAD,PAD,PAD,PAD,PAD,PAD,PAD,PAD,PAD,,,
skip, , , , , , , , , , , , , , , , , , , , , , , , , , , ,,,
word,@zmiller1902,sometimes,my,humira,pens,make,me,feel,like,i'm,90,years,old,due,to,the,joint,pain,everywhere,.,,,,,,,,,,
true,O,O,O,O,O,O,O,O,O,O,O,O,O,O,O,O,B-ADR,I-ADR,O,O,,,,,,,,,,
pred,O,O,O,O,O,O,O,O,O,O,O,O,O,O,O,O,B-ADR,I-ADR,O,O,,,,,,,,,,
skip, , , , , , , , , , , , , , , , , , , , ,,,,,,,,,,
word,i,hate,nightmares,!,#scary,#gayboyproblems,#paxil,,,,,,,,,,,,,,,,,,,,,,,
true,O,O,B-ADR,O,O,O,O,,,,,,,,,,,,,,,,,,,,,,,
pred,O,O,B-ADR,O,O,O,O,,,,,,,,,,,,,,,,,,,,,,,
skip, , , , , , , ,,,,,,,,,,,,,,,,,,,,,,,
word,@spicynyx,i,think,i'm,that,too,!,had,rare,breastmilk,production,on,quetiapine,",",ultra,rare,hallucinations,(not,psychosis),on,valproate,.,,,,,,,,
true,O,O,O,O,O,O,O,O,O,B-ADR,I-ADR,O,O,O,O,O,B-ADR,O,O,O,O,O,,,,,,,,
pred,O,O,O,O,O,O,O,O,O,B-ADR,I-ADR,O,O,O,O,O,B-ADR,O,O,O,O,O,,,,,,,,
skip, , , , , , , , , , , , , , , , , , , , , , ,,,,,,,,
word,i,do,wonder,of,that,achille's,will,ever,recover,fully,from,the,cipro,.,,,,,,,,,,,,,,,,
true,O,O,O,O,O,B-ADR,O,O,O,O,O,O,O,O,,,,,,,,,,,,,,,,
pred,O,O,O,O,O,O,O,O,I-ADR,O,O,O,O,O,,,,,,,,,,,,,,,,
skip, , , , , , , , , , , , , , ,,,,,,,,,,,,,,,,
word,reducing,the,lamotrigine,is,grim,.,exhausted,and,grumpy,.,got,another,2,weeks,of,this,yet,.,wondering,if,i'm,doing,the,right,thing,?,,,,
true,O,O,O,O,O,O,B-ADR,O,B-ADR,O,O,O,O,O,O,O,O,O,O,O,O,O,O,O,O,O,,,,
pred,O,O,O,O,O,O,B-ADR,O,B-ADR,O,O,O,O,O,O,O,O,O,O,O,O,O,O,O,O,PAD,,,,
skip, , , , , , , , , , , , , , , , , , , , , , , , , , ,,,,
word,venlafaxine,hangover,finally,starting,to,shift,after,2,huge,mugs,of,hot,water,with,giant,pieces,of,lemon..,.,,,,,,,,,,,
true,O,B-ADR,O,O,O,O,O,O,O,O,O,O,O,O,O,O,O,O,O,,,,,,,,,,,
pred,O,B-ADR,O,O,O,B-ADR,O,O,O,O,O,O,O,O,O,O,O,O,O,,,,,,,,,,,
skip, , , , , , , , , , , , , , , , , , , ,,,,,,,,,,,
word,i,have,a,feeling,i'm,not,going,to,go,to,bed,at,all,tonight,.,damn,you,vyvanse,!,,,,,,,,,,,
true,O,O,O,O,O,B-ADR,I-ADR,I-ADR,I-ADR,I-ADR,I-ADR,O,O,O,O,O,O,O,O,,,,,,,,,,,
pred,O,O,O,O,O,O,O,I-ADR,I-ADR,I-ADR,I-ADR,O,O,O,O,O,O,O,O,,,,,,,,,,,
skip, , , , , , , , , , , , , , , , , , , ,,,,,,,,,,,
word,20.05,day,16,rivaroxaban,diary,.,intense,back,and,knee,pain,most,of,day;,taken,more,paracetamol,.,had,to,shop,",",walking,painful,.,,,,,
true,O,O,O,O,O,O,O,B-ADR,O,B-ADR,I-ADR,O,O,O,O,O,O,O,O,O,O,O,B-ADR,I-ADR,O,,,,,
pred,O,O,O,O,O,O,O,O,O,B-ADR,O,O,O,O,O,O,O,O,O,O,O,O,O,O,O,,,,,
skip, , , , , , , , , , , , , , , , , , , , , , , , , ,,,,,
word,@lavenderfuchsia,i,lost,weight,in,the,past,but,it,was,much,easier,.,like,2,steps,forward,",",one,step,back,on,the,quetiapine,.,,,,,
true,O,O,O,B-ADR,O,O,O,O,O,O,O,O,O,O,O,O,O,O,O,O,O,O,O,O,O,,,,,
pred,O,O,B-ADR,I-ADR,O,O,O,O,O,O,O,O,O,O,O,O,O,O,O,O,PAD,PAD,PAD,PAD,PAD,,,,,
skip, , , , , , , , , , , , , , , , , , , , , , , , , ,,,,,
word,popped,a,fluoxetine,im,sweating,,,,,,,,,,,,,,,,,,,,,,,,,
true,O,O,O,O,B-ADR,,,,,,,,,,,,,,,,,,,,,,,,,
pred,O,O,O,O,B-ADR,,,,,,,,,,,,,,,,,,,,,,,,,
skip, , , , , ,,,,,,,,,,,,,,,,,,,,,,,,,
word,rt,@bipolarblogger,:,since,quetiapine's,messed,with,my,prolactin,levels,",",making,my,boobs,humungous,&,my,bras,so,expensive,",",i,want,a,lingerie�,,,,,
true,O,O,O,O,O,O,O,O,B-ADR,I-ADR,O,O,O,B-ADR,I-ADR,O,O,O,O,O,O,O,O,O,O,,,,,
pred,O,O,O,O,O,O,O,O,B-ADR,I-ADR,O,O,O,B-ADR,I-ADR,O,O,O,O,O,O,O,O,O,O,,,,,
skip, , , , , , , , , , , , , , , , , , , , , , , , , ,,,,,
word,holy,shit,i,quit,.,no,for,real,this,time,tho,.,fuck,that,noise,.,aint,got,time,for,stuffy,sinuses,and,nicotine,addiction,.,,,,
true,O,O,O,O,O,O,O,O,O,O,O,O,O,O,O,O,O,O,O,O,B-ADR,I-ADR,O,O,B-ADR,O,,,,
pred,O,O,O,B-ADR,O,O,O,O,O,O,O,O,O,O,O,O,PAD,PAD,PAD,PAD,PAD,PAD,PAD,PAD,PAD,PAD,,,,
skip, , , , , , , , , , , , , , , , , , , , , , , , , , ,,,,
word,@silkwould,smh,.,lmao,paxil,was,my,first,",",i,just,stopped,effexor,(the,headaches,were,a,nightmare),,,,,,,,,,,,
true,O,O,O,O,O,O,O,O,O,O,O,O,O,O,B-ADR,O,O,O,,,,,,,,,,,,
pred,O,O,O,O,O,O,O,O,O,O,O,O,O,O,B-ADR,O,O,PAD,,,,,,,,,,,,
skip, , , , , , , , , , , , , , , , , , ,,,,,,,,,,,,
word,@kniterrupted,i,think,it�s,an,snri,",",i�m,not,even,sure,.,it�s,viibryd,.,but,none,of,my,anti-depressants,have,ever,messed,me,up,like,this,before,,
true,O,O,O,O,O,O,O,O,O,O,O,O,O,O,O,O,O,O,O,O,O,O,B-ADR,I-ADR,I-ADR,O,O,O,,
pred,O,O,O,O,O,O,O,O,O,O,O,O,O,O,O,O,O,O,O,O,O,O,B-ADR,I-ADR,PAD,PAD,PAD,PAD,,
skip, , , , , , , , , , , , , , , , , , , , , , , , , , , , ,,
word,after,taking,olanzapine,i,wake,up,and,feel,like,i,am,in,a,straight,jacket,because,my,muscles,feel,stiff,,,,,,,,,,
true,O,O,O,O,O,O,O,B-ADR,I-ADR,I-ADR,I-ADR,I-ADR,I-ADR,I-ADR,I-ADR,O,O,B-ADR,I-ADR,I-ADR,,,,,,,,,,
pred,O,O,O,O,O,O,O,B-ADR,O,O,O,O,O,O,I-ADR,O,O,B-ADR,I-ADR,I-ADR,,,,,,,,,,
skip, , , , , , , , , , , , , , , , , , , , ,,,,,,,,,,
word,@katie_woodman,fingers,crossed,i,have,been,taken,off,tysabri,because,my,body,is,resisting,it,ha,typical,hope,you,are,doing,ok,:,),,,,,,
true,O,O,O,O,O,O,O,O,O,O,O,O,O,B-ADR,I-ADR,O,O,O,O,O,O,O,O,O,,,,,,
pred,O,O,O,O,O,O,O,O,O,O,O,O,O,O,O,O,O,O,O,O,O,O,PAD,PAD,,,,,,
skip, , , , , , , , , , , , , , , , , , , , , , , , ,,,,,,
word,effexor,xr,side,effects,:,-,sucidal,thoughts,-,insomnia,-,feeling,high,&,unresponsible,.,-dry,mouth,.,,,,,,,,,,,
true,O,O,O,O,O,O,B-ADR,I-ADR,O,B-ADR,O,B-ADR,I-ADR,O,B-ADR,O,B-ADR,I-ADR,O,,,,,,,,,,,
pred,O,O,O,O,O,O,B-ADR,I-ADR,O,B-ADR,PAD,PAD,PAD,PAD,PAD,PAD,PAD,PAD,PAD,,,,,,,,,,,
skip, , , , , , , , , , , , , , , , , , , ,,,,,,,,,,,
word,@racanuck,i,had,a,weird,rash,w/,enbrel,.,but,it,was,all,over,my,abdomen,&,chest,.,rash,in,elbow,cld,b,psoriasis,?,can,u,take,a
true,O,O,O,O,O,B-ADR,O,O,O,O,O,O,O,O,O,O,O,O,O,O,O,O,O,O,O,O,O,O,O,O
pred,O,O,O,O,O,B-ADR,O,O,O,O,O,O,O,O,O,O,O,O,O,B-ADR,O,O,O,O,O,PAD,PAD,PAD,PAD,PAD
skip, , , , , , , , , , , , , , , , , , , , , , , , , , , , , , 
word,fuck,paxil,.,i,never,want,to,take,this,shit,again,",",but,every,time,i,try,i,get,ridiculously,sick,.,my,life,suckssss,.,,,,
true,O,O,O,O,O,O,O,O,O,O,O,O,O,O,O,O,O,O,O,O,B-ADR,O,O,O,O,O,,,,
pred,O,O,O,O,O,O,O,B-ADR,I-ADR,I-ADR,O,O,O,O,O,O,O,O,O,O,B-ADR,O,O,O,PAD,PAD,,,,
skip, , , , , , , , , , , , , , , , , , , , , , , , , , ,,,,
word,when,i,had,my,infected,k,stone,",",hospital,put,me,on,cipro,-,a,synthetic,antibiotic,.,i,"	,	vbp	b-adr
	",smelled,"	,	nnp	i-adr
	",a,pungent,solvent,odor,",",i,smell,it
true,O,O,O,O,O,O,O,O,O,O,O,O,O,O,O,O,O,O,O,I-ADR,I-ADR,I-ADR,I-ADR,I-ADR,I-ADR,I-ADR,O,O,O,O
pred,O,O,O,O,B-ADR,I-ADR,O,O,O,O,O,O,PAD,PAD,PAD,PAD,PAD,PAD,PAD,PAD,PAD,PAD,PAD,PAD,PAD,PAD,PAD,PAD,PAD,PAD
skip, , , , , , , , , , , , , , , , , , , , , , , , , , , , , , 
word,popped,a,vyvanse,i'm,tweak,.,whoop,,,,,,,,,,,,,,,,,,,,,,,
true,O,O,O,O,B-ADR,O,O,,,,,,,,,,,,,,,,,,,,,,,
pred,O,O,O,O,O,O,B-ADR,,,,,,,,,,,,,,,,,,,,,,,
skip, , , , , , , ,,,,,,,,,,,,,,,,,,,,,,,
word,@johncheese,i,hated,effexor,.,it,makes,you,hungry,",",dizzy,",",and,lethargic,.,that,culminated,in,a,large,weight,gain,for,me,.,,,,,
true,O,O,O,O,O,O,O,O,B-ADR,O,B-ADR,O,O,B-ADR,O,O,O,O,O,O,B-ADR,I-ADR,O,O,O,,,,,
pred,O,O,O,O,O,O,O,O,B-ADR,O,B-ADR,O,O,PAD,PAD,PAD,PAD,PAD,PAD,PAD,PAD,PAD,PAD,PAD,PAD,,,,,
skip, , , , , , , , , , , , , , , , , , , , , , , , , ,,,,,
word,fluoxetine,is,a,hell,of,a,drug,if,you're,into,being,awake,all,night,and,feeling,ill,.,,,,,,,,,,,,
true,O,O,O,O,O,O,O,O,O,O,O,B-ADR,I-ADR,I-ADR,O,B-ADR,I-ADR,O,,,,,,,,,,,,
pred,O,O,O,O,O,O,O,O,O,O,O,B-ADR,O,O,O,O,I-ADR,O,,,,,,,,,,,,
skip, , , , , , , , , , , , , , , , , , ,,,,,,,,,,,,
word,@andiedanley2626,cymbalta,.,3x,the,dosage,i,was,once,on...everything,is,psychedelic,and,yuck,.,still,grateful,for,meds,!,,,,,,,,,,
true,O,O,O,O,O,O,O,O,O,O,O,B-ADR,O,O,O,O,O,O,O,O,,,,,,,,,,
pred,O,O,O,O,O,O,O,O,O,O,O,B-ADR,O,O,O,O,O,O,O,O,,,,,,,,,,
skip, , , , , , , , , , , , , , , , , , , , ,,,,,,,,,,
word,@crohniecharlie,#humira,helped,my,#crohns,but,then,#respiratory,issues,ensued,&,now,i,can't,take,anything,&,have,major,lung,issues,,,,,,,,,
true,O,O,O,O,O,O,O,B-ADR,I-ADR,O,O,O,O,O,O,O,O,O,O,B-ADR,I-ADR,,,,,,,,,
pred,O,O,O,O,O,O,O,O,O,O,O,O,O,O,O,O,O,O,O,B-ADR,O,,,,,,,,,
skip, , , , , , , , , , , , , , , , , , , , , ,,,,,,,,,
word,that,seroquel,has,been,given,me,some,seriously,fucked,up,dreams,.,,,,,,,,,,,,,,,,,,
true,O,O,O,O,O,O,O,O,B-ADR,I-ADR,I-ADR,O,,,,,,,,,,,,,,,,,,
pred,O,O,O,O,O,O,O,O,B-ADR,I-ADR,I-ADR,O,,,,,,,,,,,,,,,,,,
skip, , , , , , , , , , , , ,,,,,,,,,,,,,,,,,,
word,@r00shoes,"	,	vbd	o
	",eh,whatever,"	,	fw	o
	",was,me,for,years,on,paxil,cr,",",years,14-18,.,better,than,"	,	jj	o
	",everything,sucks,i,wanna,die,"	,	nnp	o
	",but,i,still,had,days
true,O,O,B-ADR,I-ADR,O,O,O,O,O,O,O,O,O,O,O,O,O,O,O,O,O,O,O,O,O,O,O,O,O,O
pred,O,O,O,O,O,O,O,O,O,O,O,O,O,O,O,O,PAD,PAD,PAD,PAD,PAD,PAD,PAD,PAD,PAD,PAD,PAD,PAD,PAD,PAD
skip, , , , , , , , , , , , , , , , , , , , , , , , , , , , , , 
word,just,about,dead,",",think,it's,bedtime.,.,fuck,you,quetiapine,,,,,,,,,,,,,,,,,,,
true,B-ADR,I-ADR,I-ADR,O,O,O,O,O,O,O,O,,,,,,,,,,,,,,,,,,,
pred,O,O,O,O,O,O,O,O,O,O,O,,,,,,,,,,,,,,,,,,,
skip, , , , , , , , , , , ,,,,,,,,,,,,,,,,,,,
word,found,out,that,it,could,be,two,months,before,i,sleep,well,again,now,that,i'm,off,seroquel,.,srsly,",",fuck,the,psychiatrist,that,put,me,on,it,.
true,O,O,O,O,O,O,O,O,O,O,B-ADR,O,O,O,O,O,O,O,O,O,O,O,O,O,O,O,O,O,O,O
pred,O,O,O,O,O,O,O,O,O,O,O,O,O,O,O,O,O,O,O,PAD,PAD,PAD,PAD,PAD,PAD,PAD,PAD,PAD,PAD,PAD
skip, , , , , , , , , , , , , , , , , , , , , , , , , , , , , , 
word,@teepeewest,did,you,get,floxed,too,?,i've,been,in,bed,since,2009,thanks,to,just,12,cipro,pills,!,they,never,told,me,this,can,be,permanent,!,!
true,O,O,O,O,O,O,O,O,B-ADR,I-ADR,I-ADR,O,O,O,O,O,O,O,O,O,O,O,O,O,O,O,O,O,O,O
pred,O,O,O,O,B-ADR,O,O,O,O,O,O,O,O,O,O,PAD,PAD,PAD,PAD,PAD,PAD,PAD,PAD,PAD,PAD,PAD,PAD,PAD,PAD,PAD
skip, , , , , , , , , , , , , , , , , , , , , , , , , , , , , , 
word,i,don't,like,taking,seroquel,at,night,.,makes,me,crabby,the,whole,time,the,following,day,.,something,about,feeling,sluggish,and,groggy,.,aargh,.,,,
true,O,O,O,O,O,O,O,O,O,O,B-ADR,O,O,O,O,O,O,O,O,O,O,B-ADR,I-ADR,I-ADR,O,O,O,,,
pred,O,O,O,O,O,O,O,O,O,O,B-ADR,O,O,O,O,O,O,O,O,O,O,B-ADR,O,B-ADR,O,O,O,,,
skip, , , , , , , , , , , , , , , , , , , , , , , , , , , ,,,
word,@eesullivan,i,had,allergic,reaction,from,enbrel,.,,,,,,,,,,,,,,,,,,,,,,
true,O,O,O,B-ADR,I-ADR,O,O,O,,,,,,,,,,,,,,,,,,,,,,
pred,O,O,O,B-ADR,I-ADR,O,O,O,,,,,,,,,,,,,,,,,,,,,,
skip, , , , , , , , ,,,,,,,,,,,,,,,,,,,,,,
word,fuck,you,trazodone,.,i,didn't,want,or,need,to,sleep,for,11,hours,.,,,,,,,,,,,,,,,
true,O,O,O,O,O,O,O,O,O,O,B-ADR,I-ADR,I-ADR,I-ADR,O,,,,,,,,,,,,,,,
pred,O,O,O,O,O,O,O,O,O,O,B-ADR,I-ADR,I-ADR,I-ADR,O,,,,,,,,,,,,,,,
skip, , , , , , , , , , , , , , , ,,,,,,,,,,,,,,,
word,nb,:,not,psychotic,;),seroquel,used,off-label,for,ptsd,.,ctl�d,many,sympts,",",helped,sleep,.,but,side,fx,-,weight,gain,-,caused,terrible,pain,.,
true,O,O,O,O,O,O,O,O,O,O,O,O,O,O,O,O,O,O,O,O,O,O,B-ADR,I-ADR,O,O,O,B-ADR,O,
pred,O,O,O,O,O,O,O,O,O,O,O,O,O,O,O,O,O,O,O,O,O,O,B-ADR,I-ADR,O,O,I-ADR,I-ADR,O,
skip, , , , , , , , , , , , , , , , , , , , , , , , , , , , , ,
word,@missynomatter,i,was,on,quetiapine,and,gained,40lbs,&lt;wall&gt;,so,i,am,not,even,trying,olanzapine,.,they,gave,me,abilify,cause,it,not,supposed,to,,,,
true,O,O,O,O,O,O,B-ADR,I-ADR,O,O,O,O,O,O,O,O,O,O,O,O,O,O,O,O,O,O,,,,
pred,O,O,O,O,O,O,B-ADR,I-ADR,I-ADR,O,O,O,O,O,O,O,O,O,O,O,O,O,PAD,PAD,PAD,PAD,,,,
skip, , , , , , , , , , , , , , , , , , , , , , , , , , ,,,,
word,rt,@ajswurld,:,@parthritis,i,don't,know,that,one,",",but,metho,made,me,sick,everyday,i,took,it,.,i,had,to,stop,.,enbrel,has,worked,wonders,for
true,O,O,O,O,O,O,O,O,O,O,O,O,O,O,B-ADR,O,O,O,O,O,O,O,O,O,O,O,O,O,O,O
pred,O,O,O,O,O,O,O,O,O,O,O,O,O,O,B-ADR,O,O,O,O,O,O,O,O,O,O,O,PAD,PAD,PAD,PAD
skip, , , , , , , , , , , , , , , , , , , , , , , , , , , , , , 
word,really,bad,rls,fron,seroquel,:,(,,,,,,,,,,,,,,,,,,,,,,,
true,O,O,B-ADR,O,O,O,O,,,,,,,,,,,,,,,,,,,,,,,
pred,O,O,O,O,O,O,O,,,,,,,,,,,,,,,,,,,,,,,
skip, , , , , , , ,,,,,,,,,,,,,,,,,,,,,,,
word,seroquel,has,arrived,.,question,now,is,when,do,i,want,to,be,zombified,?,,,,,,,,,,,,,,,
true,O,O,O,O,O,O,O,O,O,O,O,O,O,B-ADR,O,,,,,,,,,,,,,,,
pred,O,O,O,O,O,O,O,O,O,O,O,O,O,B-ADR,PAD,,,,,,,,,,,,,,,
skip, , , , , , , , , , , , , , , ,,,,,,,,,,,,,,,
word,@jennabear32819,have,to,go,to,a,doc,now,to,see,why,i'm,still,gaining,.,stupid,paxil,made,me,gain,like,50,pounds,?,?,and,now,i,have,to
true,O,O,O,O,O,O,O,O,O,O,O,O,O,B-ADR,O,O,O,O,O,B-ADR,I-ADR,I-ADR,I-ADR,O,O,O,O,O,O,O
pred,O,O,O,O,O,PAD,PAD,PAD,PAD,PAD,PAD,PAD,PAD,PAD,PAD,PAD,PAD,PAD,PAD,PAD,PAD,PAD,PAD,PAD,PAD,PAD,PAD,PAD,PAD,PAD
skip, , , , , , , , , , , , , , , , , , , , , , , , , , , , , , 
word,@adelerosenbloom,getting,off,seroquel,(sero-kill),can,cause,convulsions,",",fever,",",toxic,reactions,",",psychotic,reactions,.,and,other,shit,,,,,,,,,,
true,O,O,O,O,O,O,O,B-ADR,O,B-ADR,O,B-ADR,I-ADR,O,B-ADR,I-ADR,O,O,O,O,,,,,,,,,,
pred,O,O,O,O,O,O,O,B-ADR,O,B-ADR,O,B-ADR,I-ADR,O,B-ADR,I-ADR,O,O,O,O,,,,,,,,,,
skip, , , , , , , , , , , , , , , , , , , , ,,,,,,,,,,
word,@bullfrogr,@soozmc123,amil,isnt,so,bad,",",paxil,makes,everything,slow,and,haldol,is,ok,",",and,haldol,..,i,dunno,how,to,explain,what,it,does,,,
true,O,O,O,O,O,O,O,O,O,O,B-ADR,O,O,O,O,O,O,O,O,O,O,O,O,O,O,O,O,,,
pred,O,O,O,O,O,O,O,O,B-ADR,O,B-ADR,O,O,O,O,O,O,O,O,PAD,PAD,PAD,PAD,PAD,PAD,PAD,PAD,,,
skip, , , , , , , , , , , , , , , , , , , , , , , , , , , ,,,
word,@thebeecharmer97,@wyrdotter,@danadelany,psssh,didn't,levaquin,make,u,hallucinate,?,girl,u,best,stay,away,from,shrooms,lol,,,,,,,,,,,,
true,O,O,O,O,O,O,O,O,B-ADR,O,O,O,O,O,O,O,O,O,,,,,,,,,,,,
pred,O,O,O,O,O,O,O,O,B-ADR,O,O,O,O,B-ADR,I-ADR,O,O,O,,,,,,,,,,,,
skip, , , , , , , , , , , , , , , , , , ,,,,,,,,,,,,
word,i'm,so,allergic,to,trazodone,but,i,haven't,been,taking,it,so,no,one,believes,me,:,:,:,---)))),,,,,,,,,,
true,O,O,B-ADR,O,O,O,O,O,O,O,O,O,O,O,O,O,O,O,O,O,,,,,,,,,,
pred,O,O,B-ADR,O,O,O,O,O,PAD,PAD,PAD,PAD,PAD,PAD,PAD,PAD,PAD,PAD,PAD,PAD,,,,,,,,,,
skip, , , , , , , , , , , , , , , , , , , , ,,,,,,,,,,
word,too,scared,to,go,back,to,sleep,horrid,imposing,dream,#mewmeds,#quetiapine,#mentalhealth,#bipolar,,,,,,,,,,,,,,,,
true,O,O,O,O,O,O,O,B-ADR,I-ADR,I-ADR,O,O,O,O,,,,,,,,,,,,,,,,
pred,O,B-ADR,O,O,O,O,O,O,B-ADR,I-ADR,O,O,O,O,,,,,,,,,,,,,,,,
skip, , , , , , , , , , , , , , ,,,,,,,,,,,,,,,,
word,3,rounds,of,puking,",",a,nasty,headache,",",and,my,throat,is,raw,.,body,wants,nothing,to,do,with,this,increase,in,the,geodon,.,,,
true,O,O,O,B-ADR,O,O,O,B-ADR,O,O,O,B-ADR,I-ADR,I-ADR,O,O,O,O,O,O,O,O,O,O,O,O,O,,,
pred,O,O,O,O,O,O,O,B-ADR,O,O,O,B-ADR,I-ADR,PAD,PAD,PAD,PAD,PAD,PAD,PAD,PAD,PAD,PAD,PAD,PAD,PAD,PAD,,,
skip, , , , , , , , , , , , , , , , , , , , , , , , , , , ,,,
word,down,to,just,one,tiny,dose,of,effexor,each,night,now,.,today,wasnt,too,bad,in,terms,of,anxiety,&,depression,",",but,irritability,?,woosh,!,!,way
true,O,O,O,O,O,O,O,O,O,O,O,O,O,O,O,O,O,O,O,O,O,O,O,O,B-ADR,O,O,O,O,O
pred,O,O,O,O,O,O,O,O,O,O,O,O,O,O,O,O,O,O,O,O,O,B-ADR,O,O,B-ADR,O,O,O,PAD,PAD
skip, , , , , , , , , , , , , , , , , , , , , , , , , , , , , , 
word,pop,a,trazodone,i,have,fuckin,dry,mouth,,,,,,,,,,,,,,,,,,,,,,
true,O,O,O,O,O,O,B-ADR,I-ADR,,,,,,,,,,,,,,,,,,,,,,
pred,O,O,O,O,O,O,B-ADR,I-ADR,,,,,,,,,,,,,,,,,,,,,,
skip, , , , , , , , ,,,,,,,,,,,,,,,,,,,,,,
word,@crazyindapeg,3,seroquel,?,?,hell,i,take,half,of,the,lowest,dosage,and,i,am,knocked,on,my,ass,!,!,,,,,,,,
true,O,O,O,O,O,O,O,O,O,O,O,O,O,O,O,O,B-ADR,I-ADR,I-ADR,I-ADR,O,O,,,,,,,,
pred,O,O,O,O,O,O,O,O,B-ADR,PAD,PAD,PAD,PAD,PAD,PAD,PAD,PAD,PAD,PAD,PAD,PAD,PAD,,,,,,,,
skip, , , , , , , , , , , , , , , , , , , , , , ,,,,,,,,
word,bought,ourselves,an,electronic,cigarette,for,fun,and,now,i,think,we're,addicted,to,nicotine,?,?,?,,,,,,,,,,,,
true,O,O,O,O,O,O,O,O,O,O,O,O,B-ADR,O,O,O,O,O,,,,,,,,,,,,
pred,O,O,O,O,O,O,O,O,O,O,O,O,B-ADR,O,O,O,O,O,,,,,,,,,,,,
skip, , , , , , , , , , , , , , , , , , ,,,,,,,,,,,,
word,too,tired,to,function,right,now,",",thanks,humira,.,#naptime,?,?,?,?,?,?,,,,,,,,,,,,,
true,O,B-ADR,O,O,O,O,O,O,O,O,B-ADR,O,O,O,O,O,O,,,,,,,,,,,,,
pred,O,B-ADR,O,I-ADR,O,O,O,O,O,O,O,O,O,O,O,O,O,,,,,,,,,,,,,
skip, , , , , , , , , , , , , , , , , ,,,,,,,,,,,,,
word,ah,the,sting,of,the,#humira,injection,.,how,i've,not,missed,thee,.,#ankylosing,#spondylitisq,#ouch,,,,,,,,,,,,,
true,O,O,B-ADR,O,O,O,O,O,O,O,O,O,O,O,O,O,O,,,,,,,,,,,,,
pred,O,O,B-ADR,O,O,O,O,O,O,O,O,O,O,O,O,B-ADR,O,,,,,,,,,,,,,
skip, , , , , , , , , , , , , , , , , ,,,,,,,,,,,,,
word,anyway,",",i,was,just,feeling,itchy,and,my,neck,was,red,so,they,gave,me,benedryl,with,my,#tysabri,.,might,be,a,coincidence,but,just,in,case,
true,O,O,O,O,O,O,B-ADR,O,O,B-ADR,I-ADR,I-ADR,O,O,O,O,O,O,O,O,O,O,O,O,O,O,O,O,O,
pred,O,O,O,O,O,O,B-ADR,O,O,B-ADR,I-ADR,I-ADR,PAD,PAD,PAD,PAD,PAD,PAD,PAD,PAD,PAD,PAD,PAD,PAD,PAD,PAD,PAD,PAD,PAD,
skip, , , , , , , , , , , , , , , , , , , , , , , , , , , , , ,
word,nicotine,lozenges,are,giving,me,stomach,cramps,.,,,,,,,,,,,,,,,,,,,,,,
true,O,O,O,O,O,B-ADR,I-ADR,O,,,,,,,,,,,,,,,,,,,,,,
pred,O,O,O,O,O,B-ADR,I-ADR,O,,,,,,,,,,,,,,,,,,,,,,
skip, , , , , , , , ,,,,,,,,,,,,,,,,,,,,,,
word,@psychiatrysho,partly,true,but,olanzapine,is,the,worst,ever,for,inducing,carb,cravings,for,some,unfortunate,ppl,serequel,and,clozaril,a,2nd,,,,,,,,
true,O,O,O,O,O,O,O,O,O,O,O,B-ADR,I-ADR,O,O,O,O,O,O,O,O,O,,,,,,,,
pred,O,O,O,O,O,O,O,O,O,O,O,B-ADR,I-ADR,O,O,O,O,O,O,O,O,O,,,,,,,,
skip, , , , , , , , , , , , , , , , , , , , , , ,,,,,,,,
word,@exitingcorpse,@luckystubbs,seroquel,was,my,boner,kryptonite,when,i,was,a,disfunctional,teen,,,,,,,,,,,,,,,,,
true,O,O,O,O,O,B-ADR,I-ADR,O,O,O,O,O,O,,,,,,,,,,,,,,,,,
pred,O,O,O,O,O,O,O,O,O,O,O,B-ADR,I-ADR,,,,,,,,,,,,,,,,,
skip, , , , , , , , , , , , , ,,,,,,,,,,,,,,,,,
word,this,rant,could,be,#paxil,withdrawl...or,delayed,divorce,rage,.,,,,,,,,,,,,,,,,,,,,
true,O,B-ADR,O,O,O,B-ADR,O,O,O,O,,,,,,,,,,,,,,,,,,,,
pred,O,O,O,O,O,O,O,B-ADR,I-ADR,O,,,,,,,,,,,,,,,,,,,,
skip, , , , , , , , , , ,,,,,,,,,,,,,,,,,,,,
word,@whatkatie_did,i'm,certainly,weird,but,it's,quetiapine,instead,of,crack,",",i,can't,get,that,on,prescription,.,,,,,,,,,,,,
true,O,O,O,B-ADR,O,O,O,O,O,O,O,O,O,O,O,O,O,O,,,,,,,,,,,,
pred,O,O,O,O,O,O,O,O,O,O,O,O,PAD,PAD,PAD,PAD,PAD,PAD,,,,,,,,,,,,
skip, , , , , , , , , , , , , , , , , , ,,,,,,,,,,,,
word,@lucilleparr,i,take,quetiapine,and,it's,supposed,to,just,relax,me,i,end,up,falling,asleep,within,2,hours,.,my,brain's,always,scattered,haha,,,,,
true,O,O,O,O,O,O,O,O,O,O,O,O,O,O,B-ADR,I-ADR,O,O,O,O,O,B-ADR,I-ADR,I-ADR,O,,,,,
pred,O,O,O,O,O,O,O,O,O,O,O,O,O,O,O,B-ADR,O,I-ADR,I-ADR,O,O,O,O,O,O,,,,,
skip, , , , , , , , , , , , , , , , , , , , , , , , , ,,,,,
word,05.00,day,17,rivaroxaban,diary,.,woken,up,by,pain,in,neck,",",hips,and,legs,.,,,,,,,,,,,,,
true,O,O,O,O,O,O,O,O,O,B-ADR,I-ADR,I-ADR,O,B-ADR,O,B-ADR,O,,,,,,,,,,,,,
pred,O,O,O,O,O,O,O,O,O,B-ADR,I-ADR,I-ADR,I-ADR,I-ADR,I-ADR,PAD,PAD,,,,,,,,,,,,,
skip, , , , , , , , , , , , , , , , , ,,,,,,,,,,,,,
word,@jessielee122,you,can,say,that,again,!,i,trusted,my,doc,and,ended,up,crippled,thanks,to,just,12,cipro,pills,.,going,on,4,years,now,.,,
true,O,O,O,O,O,O,O,O,O,O,O,O,O,O,B-ADR,O,O,O,O,O,O,O,O,O,O,O,O,O,,
pred,O,O,O,O,O,O,O,O,O,O,O,O,O,O,B-ADR,O,O,O,PAD,PAD,PAD,PAD,PAD,PAD,PAD,PAD,PAD,PAD,,
skip, , , , , , , , , , , , , , , , , , , , , , , , , , , , ,,
word,anyone,else,have,worsening,#acne,problems,since,starting,#enbrel,for,autoimmune,disease,?,,,,,,,,,,,,,,,,,
true,O,O,O,O,B-ADR,O,O,O,O,O,O,O,O,,,,,,,,,,,,,,,,,
pred,O,O,O,O,B-ADR,I-ADR,O,O,O,O,B-ADR,I-ADR,O,,,,,,,,,,,,,,,,,
skip, , , , , , , , , , , , , ,,,,,,,,,,,,,,,,,
word,results,of,accidentally,taking,100,mg,of,vyvanse,last,night,:,i,took,it,at,11,:,00am,and,was,wide,awake,until,3,:,30,this,morning.,.,
true,O,O,O,O,O,O,O,O,O,O,O,O,O,O,O,O,O,O,O,O,B-ADR,I-ADR,O,O,O,O,O,O,O,
pred,O,O,O,O,O,O,PAD,PAD,PAD,PAD,PAD,PAD,PAD,PAD,PAD,PAD,PAD,PAD,PAD,PAD,PAD,PAD,PAD,PAD,PAD,PAD,PAD,PAD,PAD,
skip, , , , , , , , , , , , , , , , , , , , , , , , , , , , , ,
word,that,nap,was,on,point...,.,cymbalta,did,that,shit,cuz,i,dont,take,naps...ever,,,,,,,,,,,,,,,
true,O,B-ADR,O,O,O,O,O,O,O,O,O,O,O,O,O,,,,,,,,,,,,,,,
pred,O,B-ADR,O,O,O,O,O,O,O,O,O,O,O,O,O,,,,,,,,,,,,,,,
skip, , , , , , , , , , , , , , , ,,,,,,,,,,,,,,,
word,didnt,take,my,vyvanse,and,remembered,what,food,is,#firstworldproblems,@_ericalynn_,,,,,,,,,,,,,,,,,,,
true,O,O,O,O,O,B-ADR,I-ADR,I-ADR,I-ADR,O,O,,,,,,,,,,,,,,,,,,,
pred,O,O,O,O,O,B-ADR,O,O,O,O,O,,,,,,,,,,,,,,,,,,,
skip, , , , , , , , , , , ,,,,,,,,,,,,,,,,,,,
word,cannot,decide,whether,to,take,meds,today,.,the,#venlafaxine,is,wiping,me,out,like,the,#citalopram,did,.,i,can't,function,on,them,.,#day11,,,,
true,O,O,O,O,O,O,O,O,O,O,O,B-ADR,I-ADR,I-ADR,O,O,O,O,O,O,B-ADR,I-ADR,O,O,O,O,,,,
pred,O,O,O,O,O,O,O,O,O,O,O,B-ADR,I-ADR,PAD,PAD,PAD,PAD,PAD,PAD,PAD,PAD,PAD,PAD,PAD,PAD,PAD,,,,
skip, , , , , , , , , , , , , , , , , , , , , , , , , , ,,,,
word,would,like,less,vyvanse,and,more,sleep,in,my,life,,,,,,,,,,,,,,,,,,,,
true,O,O,O,O,O,O,B-ADR,O,O,O,,,,,,,,,,,,,,,,,,,,
pred,O,O,O,O,O,O,B-ADR,O,O,O,,,,,,,,,,,,,,,,,,,,
skip, , , , , , , , , , ,,,,,,,,,,,,,,,,,,,,
word,dear,seizure,buddies,",",never,ever,take,vimpat,.,side,effects,&,withdrawals,are,quite,fucking,hideous,.,love,",",meh,xoxo,,,,,,,,
true,O,O,O,O,O,O,O,O,O,O,O,O,B-ADR,O,O,O,O,O,O,O,O,O,,,,,,,,
pred,O,O,O,O,O,O,O,O,O,O,O,PAD,PAD,PAD,PAD,PAD,PAD,PAD,PAD,PAD,PAD,PAD,,,,,,,,
skip, , , , , , , , , , , , , , , , , , , , , , ,,,,,,,,
word,@mereprototype,probably,the,combination,with,my,fluoxetine,.,but,i,can't,move,that,to,night,time,",",it,makes,me,have,bad,dreams,.,,,,,,
true,O,O,O,O,O,O,O,O,O,O,O,O,O,O,O,O,O,O,O,O,O,B-ADR,I-ADR,O,,,,,,
pred,O,O,O,O,O,O,O,O,O,O,B-ADR,O,O,O,O,O,O,O,O,O,O,B-ADR,PAD,PAD,,,,,,
skip, , , , , , , , , , , , , , , , , , , , , , , , ,,,,,,
word,@jkimberlinn,im,on,cypro,.,actually,in,dying,on,cypro,,,,,,,,,,,,,,,,,,,,
true,O,O,O,O,O,O,O,B-ADR,O,O,,,,,,,,,,,,,,,,,,,,
pred,O,O,O,O,O,O,O,B-ADR,O,O,,,,,,,,,,,,,,,,,,,,
skip, , , , , , , , , , ,,,,,,,,,,,,,,,,,,,,
word,i,guess,this,is,what,i,get,for,doubling,my,vyvanse,#nosleep,,,,,,,,,,,,,,,,,,
true,O,O,O,O,O,O,O,O,O,O,O,B-ADR,,,,,,,,,,,,,,,,,,
pred,O,O,O,O,O,O,O,O,B-ADR,O,O,B-ADR,,,,,,,,,,,,,,,,,,
skip, , , , , , , , , , , , ,,,,,,,,,,,,,,,,,,
word,not,to,mention,the,thousands,of,people,online,who,say,they�ve,stacked,on,the,weight,due,to,taking,seroquel,.,,,,,,,,,,
true,O,O,O,O,O,O,O,O,O,O,O,B-ADR,I-ADR,I-ADR,I-ADR,O,O,O,O,O,,,,,,,,,,
pred,O,O,O,O,O,O,O,O,O,O,O,B-ADR,O,O,B-ADR,O,O,O,PAD,PAD,,,,,,,,,,
skip, , , , , , , , , , , , , , , , , , , , ,,,,,,,,,,
word,@mewtopia,...face.,and,quetiapine,slightly,increases,sun,sensitivity,too,.,,,,,,,,,,,,,,,,,,,,
true,O,O,O,O,O,O,B-ADR,I-ADR,O,O,,,,,,,,,,,,,,,,,,,,
pred,O,O,O,O,O,O,B-ADR,I-ADR,O,O,,,,,,,,,,,,,,,,,,,,
skip, , , , , , , , , , ,,,,,,,,,,,,,,,,,,,,
word,so,my,body,was,goin,threw,withdrawl,?,lol,didnt,kno,paxil,was,that,strong,lol,,,,,,,,,,,,,,
true,O,O,O,O,O,O,B-ADR,O,O,O,O,O,O,O,O,O,,,,,,,,,,,,,,
pred,O,O,O,O,O,O,B-ADR,O,O,O,O,O,O,O,O,O,,,,,,,,,,,,,,
skip, , , , , , , , , , , , , , , , ,,,,,,,,,,,,,,
word,i,love,when,my,#trazodone,kicks,in,after,i've,forgotten,i've,taken,it,.,groggy,tweets,commence,.,,,,,,,,,,,,
true,O,O,O,O,O,O,O,O,O,O,O,O,O,O,B-ADR,O,O,O,,,,,,,,,,,,
pred,O,O,O,O,O,O,O,O,O,O,O,O,O,O,B-ADR,O,O,O,,,,,,,,,,,,
skip, , , , , , , , , , , , , , , , , , ,,,,,,,,,,,,
word,@ripnercabbit,@pacerfox,ugh,.,my,partner,was,on,paxil,for,a,while,.,it,made,him,hide,in,the,apartment,.,:,/,,,,,,,
true,O,O,O,O,O,O,O,O,O,O,O,O,O,O,O,O,B-ADR,I-ADR,I-ADR,I-ADR,O,O,O,,,,,,,
pred,O,O,O,O,O,O,O,O,O,O,O,O,O,O,O,O,B-ADR,I-ADR,I-ADR,O,O,O,O,,,,,,,
skip, , , , , , , , , , , , , , , , , , , , , , , ,,,,,,,
word,�@kendallmarieem,:,i'm,sleepless,",",you've,got,me,wide,awake�,my,song,to,vyvanse,and,mdma,,,,,,,,,,,,,,
true,O,O,O,B-ADR,O,O,O,O,O,B-ADR,O,O,O,O,O,O,,,,,,,,,,,,,,
pred,O,O,O,B-ADR,O,O,O,O,O,O,O,O,O,O,O,O,,,,,,,,,,,,,,
skip, , , , , , , , , , , , , , , , ,,,,,,,,,,,,,,
word,@lynseypattie,@ukschizophrenic,@polarbear3127,@weswroten,its,quetiapine,for,me,.,i,was,wearing,factor,30,today,&,i,still,burnt,:,-(,,,,,,,,,
true,O,O,O,O,O,O,O,O,O,O,O,O,O,O,O,O,O,O,B-ADR,O,O,,,,,,,,,
pred,O,O,O,O,O,O,O,O,O,O,O,B-ADR,O,I-ADR,O,O,O,PAD,PAD,PAD,PAD,,,,,,,,,
skip, , , , , , , , , , , , , , , , , , , , , ,,,,,,,,,
word,rt,@jumpingjesush,:,it,appears,that,my,twitter,addiction,may,have,just,been,a,side,effect,of,my,nicotine,lozenge,addiction,.,,,,,,,,
true,O,O,O,O,O,O,O,O,B-ADR,O,O,O,O,O,O,O,O,O,O,O,O,O,,,,,,,,
pred,O,O,O,O,O,O,O,O,B-ADR,O,O,O,O,O,O,O,O,O,O,O,B-ADR,PAD,,,,,,,,
skip, , , , , , , , , , , , , , , , , , , , , , ,,,,,,,,
word,@beckysrecovery,i,have,been,on,amisulpride,but,only,for,a,few,days,",",i,could,not,tolerate,nausea,and,akathisia,",",olanzapine,i,can,cope,with,,,,
true,O,O,O,O,O,O,O,O,O,O,O,O,O,O,O,O,O,B-ADR,O,B-ADR,O,O,O,O,O,O,,,,
pred,O,O,O,O,O,O,O,O,O,O,O,O,O,PAD,PAD,PAD,PAD,PAD,PAD,PAD,PAD,PAD,PAD,PAD,PAD,PAD,,,,
skip, , , , , , , , , , , , , , , , , , , , , , , , , , ,,,,
word,i,wonder,if,olanzapine,causes,restless,legs,&lt;_&lt;,,,,,,,,,,,,,,,,,,,,,,
true,O,O,O,O,O,B-ADR,I-ADR,O,,,,,,,,,,,,,,,,,,,,,,
pred,O,O,O,O,O,B-ADR,I-ADR,O,,,,,,,,,,,,,,,,,,,,,,
skip, , , , , , , , ,,,,,,,,,,,,,,,,,,,,,,
word,@cocayne18,stopped,working,.,i,don't,think,their,meant,to,last,forever,but,again,it,depends,on,the,person,.,i,took,enbrel,when,i,was,on,my,,
true,O,B-ADR,I-ADR,O,O,O,O,O,O,O,O,O,O,O,O,O,O,O,O,O,O,O,O,O,O,O,O,O,,
pred,O,O,O,O,O,O,O,O,O,O,O,PAD,PAD,PAD,PAD,PAD,PAD,PAD,PAD,PAD,PAD,PAD,PAD,PAD,PAD,PAD,PAD,PAD,,
skip, , , , , , , , , , , , , , , , , , , , , , , , , , , , ,,
